Source;Target;Type
1062;200467;Undirected
1062;200468;Undirected
1062;155533;Undirected
1062;298483;Undirected
1062;155168;Undirected
1062;155168;Undirected
1062;200468;Undirected
1062;299245;Undirected
1062;200468;Undirected
1062;155168;Undirected
1062;200468;Undirected
1062;155168;Undirected
1062;479316;Undirected
1062;200468;Undirected
1062;155168;Undirected
1062;200468;Undirected
1062;200468;Undirected
1062;299245;Undirected
1062;299308;Undirected
1062;299308;Undirected
1062;299308;Undirected
1062;200468;Undirected
1062;155168;Undirected
1062;299245;Undirected
1062;203082;Undirected
1062;155168;Undirected
1062;200467;Undirected
1062;200468;Undirected
1062;155533;Undirected
1062;298483;Undirected
1062;299308;Undirected
1062;200468;Undirected
1062;200468;Undirected
1062;155180;Undirected
1062;200468;Undirected
1062;155168;Undirected
1062;200468;Undirected
1062;155168;Undirected
1062;200468;Undirected
1062;155168;Undirected
1062;200468;Undirected
1062;203471;Undirected
1062;155168;Undirected
1062;203082;Undirected
1062;299245;Undirected
1062;200468;Undirected
1062;200467;Undirected
1062;200468;Undirected
1062;299308;Undirected
1062;200468;Undirected
1062;155168;Undirected
1062;200468;Undirected
1062;155168;Undirected
1062;200468;Undirected
1062;155168;Undirected
1062;200468;Undirected
1062;200468;Undirected
1062;299245;Undirected
1062;43806;Undirected
1062;200162;Undirected
1062;200467;Undirected
1062;200468;Undirected
1062;200468;Undirected
1062;298483;Undirected
1062;200468;Undirected
1062;200468;Undirected
1062;200468;Undirected
1062;299245;Undirected
1062;200468;Undirected
1062;299308;Undirected
1062;200468;Undirected
1062;200468;Undirected
1062;155168;Undirected
1062;200468;Undirected
1062;155168;Undirected
1062;200468;Undirected
1062;200468;Undirected
1062;200390;Undirected
1062;203471;Undirected
1062;155168;Undirected
1062;200390;Undirected
1062;200468;Undirected
1062;155168;Undirected
1062;120551;Undirected
1062;200468;Undirected
1062;155168;Undirected
1062;200468;Undirected
1062;155168;Undirected
1062;200468;Undirected
1062;155168;Undirected
1062;200468;Undirected
1062;299245;Undirected
1062;75465;Undirected
1062;155168;Undirected
1062;75465;Undirected
1062;299308;Undirected
1062;200468;Undirected
1062;155168;Undirected
1062;200468;Undirected
1062;155168;Undirected
1062;200390;Undirected
1062;155168;Undirected
1062;155168;Undirected
1062;200390;Undirected
1062;200468;Undirected
1062;200468;Undirected
1062;155168;Undirected
1062;200468;Undirected
1062;200468;Undirected
1062;200468;Undirected
1062;299245;Undirected
1062;155168;Undirected
1062;74969;Undirected
4638;28131;Undirected
4638;28131;Undirected
4638;28131;Undirected
4638;28131;Undirected
4638;28131;Undirected
4638;28131;Undirected
4638;28131;Undirected
4638;28131;Undirected
4638;28131;Undirected
4638;28131;Undirected
4638;28131;Undirected
4638;28131;Undirected
4638;28131;Undirected
4638;28131;Undirected
4638;28131;Undirected
4638;28131;Undirected
4638;28131;Undirected
4638;28131;Undirected
4638;28131;Undirected
4638;28131;Undirected
4638;28131;Undirected
4638;28131;Undirected
4638;28131;Undirected
4638;28131;Undirected
4638;28131;Undirected
4638;28131;Undirected
4638;28131;Undirected
4638;28131;Undirected
4638;28131;Undirected
4638;28131;Undirected
4638;28131;Undirected
4638;28131;Undirected
4638;28131;Undirected
4638;28131;Undirected
4642;4645;Undirected
4642;4645;Undirected
4642;4645;Undirected
4642;4645;Undirected
4642;4645;Undirected
4642;197622;Undirected
4642;4645;Undirected
4642;4645;Undirected
4642;4645;Undirected
4642;114035;Undirected
4642;4645;Undirected
4642;4645;Undirected
4642;197622;Undirected
4642;48147;Undirected
4642;4645;Undirected
4642;197622;Undirected
4642;197622;Undirected
4642;197622;Undirected
4642;197622;Undirected
4642;197622;Undirected
4642;114035;Undirected
4642;4645;Undirected
4642;4645;Undirected
4642;4645;Undirected
4642;4645;Undirected
4642;114035;Undirected
4642;4645;Undirected
4642;4645;Undirected
4642;239659;Undirected
4642;4645;Undirected
4642;4645;Undirected
4642;4645;Undirected
4642;4645;Undirected
4642;197622;Undirected
4642;4645;Undirected
4642;4645;Undirected
4642;114035;Undirected
4642;4645;Undirected
4642;197622;Undirected
4642;4645;Undirected
4642;114035;Undirected
4642;4645;Undirected
4642;197622;Undirected
4642;4645;Undirected
4642;4645;Undirected
4645;197622;Undirected
4645;197622;Undirected
4645;197622;Undirected
4645;197622;Undirected
4645;197622;Undirected
4645;1041233;Undirected
4645;197622;Undirected
4645;239659;Undirected
4645;197622;Undirected
4645;114035;Undirected
4645;197622;Undirected
4645;114035;Undirected
4645;197622;Undirected
4645;197622;Undirected
4645;114035;Undirected
4645;114035;Undirected
4645;197622;Undirected
4645;197622;Undirected
4645;197622;Undirected
4824;76836;Undirected
4824;238987;Undirected
4824;473244;Undirected
4824;246209;Undirected
4824;76836;Undirected
4824;76836;Undirected
4824;77222;Undirected
4824;473244;Undirected
4824;246209;Undirected
4824;654136;Undirected
4824;473244;Undirected
4824;246209;Undirected
4824;473244;Undirected
4824;246209;Undirected
4824;473244;Undirected
4824;246209;Undirected
4824;473244;Undirected
4824;246209;Undirected
4881;155180;Undirected
4881;155180;Undirected
4881;155180;Undirected
4881;240650;Undirected
4881;155180;Undirected
4881;155180;Undirected
5045;494633;Undirected
5045;116424;Undirected
5045;116424;Undirected
5045;135877;Undirected
5045;116424;Undirected
5045;116424;Undirected
5045;116424;Undirected
5045;135877;Undirected
5045;116424;Undirected
5045;116424;Undirected
5045;116424;Undirected
5045;116424;Undirected
5045;116424;Undirected
5045;116424;Undirected
5045;116424;Undirected
5045;116424;Undirected
5045;116424;Undirected
5045;116424;Undirected
5045;135877;Undirected
5045;116424;Undirected
5045;116424;Undirected
5045;116424;Undirected
5045;116424;Undirected
5045;116424;Undirected
5045;116424;Undirected
5045;116424;Undirected
5045;135877;Undirected
5045;116424;Undirected
6112;8583;Undirected
6112;8866;Undirected
6112;8870;Undirected
6112;8583;Undirected
6112;76480;Undirected
6112;8866;Undirected
6112;8583;Undirected
6112;8870;Undirected
6112;8870;Undirected
6112;8870;Undirected
6112;8583;Undirected
6112;8866;Undirected
6112;8870;Undirected
6112;8583;Undirected
6112;76836;Undirected
6112;8583;Undirected
6112;76480;Undirected
6112;8583;Undirected
6112;8866;Undirected
6112;8870;Undirected
6112;8583;Undirected
6112;8870;Undirected
6112;8866;Undirected
6112;8870;Undirected
6112;8583;Undirected
6112;8866;Undirected
6112;8583;Undirected
6112;8583;Undirected
6112;335340;Undirected
6112;8866;Undirected
6112;8870;Undirected
6112;8583;Undirected
6112;8583;Undirected
6112;8583;Undirected
6112;18401;Undirected
6112;21852;Undirected
6112;18401;Undirected
6112;21852;Undirected
6112;175949;Undirected
6112;8583;Undirected
6112;8583;Undirected
6112;175949;Undirected
6112;18087;Undirected
6112;8583;Undirected
6112;8583;Undirected
6112;8583;Undirected
6362;40433;Undirected
6362;1321636;Undirected
6362;40433;Undirected
6362;239085;Undirected
6362;239085;Undirected
6362;239085;Undirected
6362;239085;Undirected
6362;239085;Undirected
6362;1321636;Undirected
6362;40433;Undirected
8166;146629;Undirected
8166;203082;Undirected
8166;738826;Undirected
8166;203082;Undirected
8166;212814;Undirected
8166;146629;Undirected
8166;201168;Undirected
8166;203082;Undirected
8166;155168;Undirected
8166;201168;Undirected
8166;155168;Undirected
8166;212814;Undirected
8166;206881;Undirected
8166;155168;Undirected
8166;212814;Undirected
8166;155168;Undirected
8166;212814;Undirected
8166;201168;Undirected
8166;203082;Undirected
8583;8866;Undirected
8583;8870;Undirected
8583;32397;Undirected
8583;76836;Undirected
8583;76836;Undirected
8583;8870;Undirected
8583;8866;Undirected
8583;8870;Undirected
8583;8866;Undirected
8583;8870;Undirected
8583;8870;Undirected
8583;8866;Undirected
8583;8870;Undirected
8583;8866;Undirected
8583;8870;Undirected
8583;8866;Undirected
8583;8870;Undirected
8583;8870;Undirected
8583;8866;Undirected
8583;8870;Undirected
8583;8870;Undirected
8583;8866;Undirected
8583;8870;Undirected
8583;8866;Undirected
8583;8870;Undirected
8583;8866;Undirected
8583;8866;Undirected
8583;8870;Undirected
8583;8866;Undirected
8583;76480;Undirected
8583;32397;Undirected
8583;8870;Undirected
8583;8866;Undirected
8583;8870;Undirected
8583;8870;Undirected
8583;8866;Undirected
8583;76480;Undirected
8583;8866;Undirected
8583;76480;Undirected
8583;8870;Undirected
8583;8866;Undirected
8583;76480;Undirected
8583;8870;Undirected
8583;76480;Undirected
8583;297380;Undirected
8583;146629;Undirected
8583;8870;Undirected
8583;8866;Undirected
8583;297380;Undirected
8583;297380;Undirected
8583;8870;Undirected
8583;8870;Undirected
8583;8870;Undirected
8583;8866;Undirected
8583;8866;Undirected
8583;8870;Undirected
8583;8870;Undirected
8583;8870;Undirected
8583;8866;Undirected
8583;146629;Undirected
8583;8870;Undirected
8583;8870;Undirected
8583;8870;Undirected
8583;8866;Undirected
8583;32397;Undirected
8583;8870;Undirected
8583;8866;Undirected
8583;8866;Undirected
8583;8870;Undirected
8583;8866;Undirected
8583;8870;Undirected
8583;8870;Undirected
8583;8866;Undirected
8583;8866;Undirected
8583;8870;Undirected
8583;76836;Undirected
8583;76480;Undirected
8583;8870;Undirected
8583;8870;Undirected
8583;8866;Undirected
8583;8870;Undirected
8583;8866;Undirected
8583;8870;Undirected
8583;8866;Undirected
8583;76480;Undirected
8583;76836;Undirected
8583;8870;Undirected
8583;8866;Undirected
8583;8866;Undirected
8583;8870;Undirected
8583;32397;Undirected
8583;76836;Undirected
8583;8870;Undirected
8583;8866;Undirected
8583;8870;Undirected
8583;8866;Undirected
8583;8866;Undirected
8583;8870;Undirected
8583;8866;Undirected
8583;8866;Undirected
8583;8870;Undirected
8583;8870;Undirected
8583;8866;Undirected
8583;8870;Undirected
8583;32397;Undirected
8583;8870;Undirected
8583;8866;Undirected
8583;8870;Undirected
8583;8870;Undirected
8583;8866;Undirected
8583;8870;Undirected
8583;8866;Undirected
8583;8870;Undirected
8583;335340;Undirected
8583;8866;Undirected
8583;8870;Undirected
8583;76836;Undirected
8583;8870;Undirected
8583;8870;Undirected
8583;8866;Undirected
8583;8870;Undirected
8583;8866;Undirected
8583;76836;Undirected
8583;8866;Undirected
8583;8870;Undirected
8866;8870;Undirected
8866;8870;Undirected
8866;8870;Undirected
8866;8870;Undirected
8866;8870;Undirected
8866;8870;Undirected
8866;8870;Undirected
8866;8870;Undirected
8866;8870;Undirected
8866;8870;Undirected
8866;8870;Undirected
8866;76480;Undirected
8866;8870;Undirected
8866;8870;Undirected
8866;76480;Undirected
8866;8870;Undirected
8866;76480;Undirected
8866;8870;Undirected
8866;8870;Undirected
8866;8870;Undirected
8866;8870;Undirected
8866;8870;Undirected
8866;8870;Undirected
8866;8870;Undirected
8866;8870;Undirected
8866;8870;Undirected
8866;8870;Undirected
8866;8870;Undirected
8866;76480;Undirected
8866;8870;Undirected
8866;8870;Undirected
8866;8870;Undirected
8866;8870;Undirected
8866;8870;Undirected
8866;8870;Undirected
8866;8870;Undirected
8866;8870;Undirected
8866;8870;Undirected
8866;8870;Undirected
8866;8870;Undirected
8866;8870;Undirected
8866;335340;Undirected
8866;8870;Undirected
8866;8870;Undirected
8866;8870;Undirected
8866;8870;Undirected
8870;13552;Undirected
8870;76480;Undirected
8870;13552;Undirected
8870;120551;Undirected
8870;553830;Undirected
8870;13552;Undirected
8870;120551;Undirected
8870;13552;Undirected
8870;120551;Undirected
8870;13552;Undirected
8870;13552;Undirected
8870;335340;Undirected
8933;18087;Undirected
8933;62364;Undirected
8933;24966;Undirected
8933;18087;Undirected
8933;18087;Undirected
8933;18087;Undirected
8933;18401;Undirected
8933;18403;Undirected
8933;175949;Undirected
8933;18087;Undirected
8933;18087;Undirected
8933;24966;Undirected
8933;24966;Undirected
8933;18401;Undirected
8933;175949;Undirected
8933;513268;Undirected
8933;62364;Undirected
8933;24966;Undirected
8933;513268;Undirected
8933;62364;Undirected
8933;149391;Undirected
8933;24966;Undirected
8933;62364;Undirected
8933;18402;Undirected
8933;62364;Undirected
8933;18402;Undirected
8933;18087;Undirected
8933;44673;Undirected
8933;44673;Undirected
8933;18087;Undirected
8933;18087;Undirected
8933;18402;Undirected
8933;175949;Undirected
8933;18401;Undirected
8933;62364;Undirected
8933;44673;Undirected
8933;44775;Undirected
8933;18087;Undirected
8933;18087;Undirected
8933;24966;Undirected
8933;62364;Undirected
8933;18087;Undirected
8933;18402;Undirected
8933;62364;Undirected
8933;18402;Undirected
8933;18087;Undirected
8933;18402;Undirected
8933;18087;Undirected
8933;62364;Undirected
8933;44673;Undirected
8933;18087;Undirected
9871;238238;Undirected
9871;198105;Undirected
9871;198105;Undirected
9871;198105;Undirected
9871;238238;Undirected
9871;494633;Undirected
9871;238238;Undirected
9871;198105;Undirected
9871;24862;Undirected
9871;24966;Undirected
9871;198105;Undirected
9871;198105;Undirected
9871;21852;Undirected
9871;238238;Undirected
9871;198105;Undirected
9871;238238;Undirected
9871;21852;Undirected
10281;135877;Undirected
10281;135877;Undirected
10281;135877;Undirected
10281;1285898;Undirected
10281;135877;Undirected
10281;135877;Undirected
10281;197787;Undirected
10281;197787;Undirected
10281;1285898;Undirected
10281;135877;Undirected
10281;1285898;Undirected
10281;1285898;Undirected
10281;258262;Undirected
10281;258262;Undirected
10281;135877;Undirected
10281;123867;Undirected
10300;151453;Undirected
10300;167467;Undirected
10300;167467;Undirected
10300;44921;Undirected
10397;386565;Undirected
11993;209090;Undirected
11993;20349;Undirected
11993;209090;Undirected
13552;120551;Undirected
13552;120551;Undirected
13552;120551;Undirected
13552;243348;Undirected
13552;261222;Undirected
13552;203082;Undirected
13552;243348;Undirected
13552;261222;Undirected
13552;155168;Undirected
13552;263090;Undirected
13552;203082;Undirected
13552;243348;Undirected
13552;261222;Undirected
18087;24966;Undirected
18087;24966;Undirected
18087;24966;Undirected
18087;62364;Undirected
18087;175949;Undirected
18087;62364;Undirected
18087;44673;Undirected
18401;18403;Undirected
18401;107645;Undirected
18401;74969;Undirected
18401;107645;Undirected
18401;107645;Undirected
18401;18403;Undirected
18401;18403;Undirected
18401;18402;Undirected
18401;19377;Undirected
18401;18403;Undirected
18401;18402;Undirected
18401;18403;Undirected
18401;18403;Undirected
18401;18403;Undirected
18401;18403;Undirected
18401;18402;Undirected
18401;129613;Undirected
18401;18403;Undirected
18401;18403;Undirected
18401;18403;Undirected
18401;1039401;Undirected
18401;18403;Undirected
18401;18403;Undirected
18401;18403;Undirected
18401;18402;Undirected
18401;18402;Undirected
18401;129613;Undirected
18401;18402;Undirected
18401;18403;Undirected
18401;175949;Undirected
18401;175949;Undirected
18401;175949;Undirected
18401;175949;Undirected
18401;175949;Undirected
18401;18403;Undirected
18401;18402;Undirected
18401;18403;Undirected
18401;18402;Undirected
18401;18403;Undirected
18401;18402;Undirected
18401;18402;Undirected
18401;18402;Undirected
18401;18402;Undirected
18401;18403;Undirected
18401;18402;Undirected
18401;18402;Undirected
18401;175949;Undirected
18401;18403;Undirected
18401;129613;Undirected
18401;107645;Undirected
18401;18402;Undirected
18401;18402;Undirected
18401;18403;Undirected
18401;18402;Undirected
18401;74969;Undirected
18401;74969;Undirected
18401;18402;Undirected
18401;18402;Undirected
18401;18402;Undirected
18401;113536;Undirected
18401;107645;Undirected
18401;18403;Undirected
18401;107645;Undirected
18401;18403;Undirected
18401;175949;Undirected
18401;18403;Undirected
18401;18403;Undirected
18401;18402;Undirected
18401;18402;Undirected
18401;18403;Undirected
18401;18402;Undirected
18401;18402;Undirected
18401;18402;Undirected
18401;18403;Undirected
18401;18402;Undirected
18401;18403;Undirected
18401;19377;Undirected
18401;18403;Undirected
18401;18403;Undirected
18401;18402;Undirected
18401;18402;Undirected
18401;129613;Undirected
18401;18402;Undirected
18401;129613;Undirected
18401;18402;Undirected
18401;18403;Undirected
18401;129613;Undirected
18401;18402;Undirected
18401;18403;Undirected
18401;19377;Undirected
18401;18402;Undirected
18401;18403;Undirected
18401;18403;Undirected
18401;18403;Undirected
18401;18403;Undirected
18401;74969;Undirected
18401;18403;Undirected
18401;18403;Undirected
18401;18403;Undirected
18401;129613;Undirected
18401;18402;Undirected
18401;74969;Undirected
18401;107644;Undirected
18401;129613;Undirected
18401;18403;Undirected
18401;18403;Undirected
18401;18403;Undirected
18401;18403;Undirected
18401;18403;Undirected
18401;18402;Undirected
18401;175949;Undirected
18401;175949;Undirected
18401;18402;Undirected
18401;107644;Undirected
18401;18403;Undirected
18401;18402;Undirected
18401;18403;Undirected
18401;18403;Undirected
18401;19377;Undirected
18401;18402;Undirected
18401;18402;Undirected
18401;74969;Undirected
18401;18402;Undirected
18401;107645;Undirected
18401;18402;Undirected
18401;18403;Undirected
18401;1039401;Undirected
18401;129613;Undirected
18401;18402;Undirected
18401;18403;Undirected
18401;18402;Undirected
18401;18402;Undirected
18401;18402;Undirected
18401;74969;Undirected
18401;18402;Undirected
18401;18402;Undirected
18401;18402;Undirected
18401;705784;Undirected
18401;18402;Undirected
18401;18402;Undirected
18401;194796;Undirected
18401;21852;Undirected
18401;21852;Undirected
18401;175949;Undirected
18401;175949;Undirected
18401;18402;Undirected
18401;18402;Undirected
18401;18402;Undirected
18401;129613;Undirected
18401;18402;Undirected
18401;129613;Undirected
18401;107645;Undirected
18401;18402;Undirected
18401;74969;Undirected
18401;44922;Undirected
18401;76955;Undirected
18401;74969;Undirected
18401;18402;Undirected
18401;18403;Undirected
18401;175949;Undirected
18401;18402;Undirected
18401;18403;Undirected
18401;18402;Undirected
18401;18402;Undirected
18401;18403;Undirected
18402;18403;Undirected
18402;19377;Undirected
18402;379394;Undirected
18402;107645;Undirected
18402;873989;Undirected
18402;107645;Undirected
18402;148042;Undirected
18402;379394;Undirected
18402;19377;Undirected
18402;74969;Undirected
18402;18403;Undirected
18402;148042;Undirected
18402;19377;Undirected
18402;18403;Undirected
18402;19377;Undirected
18402;62364;Undirected
18402;74969;Undirected
18402;148042;Undirected
18402;107645;Undirected
18402;62364;Undirected
18402;107645;Undirected
18402;148042;Undirected
18402;129613;Undirected
18402;129613;Undirected
18402;62364;Undirected
18402;175949;Undirected
18402;112463;Undirected
18402;107644;Undirected
18402;107644;Undirected
18402;21852;Undirected
18402;62364;Undirected
18402;18403;Undirected
18402;18403;Undirected
18402;74969;Undirected
18402;19377;Undirected
18402;692015;Undirected
18402;379394;Undirected
18402;62364;Undirected
18402;18403;Undirected
18402;175949;Undirected
18402;18403;Undirected
18402;18403;Undirected
18402;74969;Undirected
18402;62364;Undirected
18402;62364;Undirected
18402;18403;Undirected
18402;19377;Undirected
18402;107645;Undirected
18402;148042;Undirected
18402;62364;Undirected
18402;62364;Undirected
18402;62364;Undirected
18402;513268;Undirected
18402;62364;Undirected
18402;150762;Undirected
18402;62364;Undirected
18402;107645;Undirected
18402;19377;Undirected
18402;74969;Undirected
18402;107645;Undirected
18402;129613;Undirected
18402;18403;Undirected
18402;107644;Undirected
18402;18403;Undirected
18402;148042;Undirected
18402;148042;Undirected
18402;194796;Undirected
18402;62364;Undirected
18402;379394;Undirected
18402;129613;Undirected
18402;148042;Undirected
18402;107645;Undirected
18402;62364;Undirected
18402;129613;Undirected
18402;107645;Undirected
18402;107644;Undirected
18402;74969;Undirected
18402;129613;Undirected
18402;62364;Undirected
18402;148042;Undirected
18402;148042;Undirected
18402;107645;Undirected
18402;107645;Undirected
18402;18403;Undirected
18402;19377;Undirected
18402;18403;Undirected
18402;22472;Undirected
18402;21852;Undirected
18402;379394;Undirected
18402;107644;Undirected
18402;107644;Undirected
18402;19377;Undirected
18402;107644;Undirected
18402;19377;Undirected
18402;107644;Undirected
18402;62364;Undirected
18402;107644;Undirected
18402;148042;Undirected
18402;107645;Undirected
18402;129613;Undirected
18402;379394;Undirected
18402;107644;Undirected
18402;62364;Undirected
18402;107644;Undirected
18402;19377;Undirected
18402;19377;Undirected
18402;62364;Undirected
18402;74969;Undirected
18402;107645;Undirected
18402;74969;Undirected
18402;19377;Undirected
18402;18403;Undirected
18402;148042;Undirected
18402;107645;Undirected
18402;148042;Undirected
18402;107645;Undirected
18402;129613;Undirected
18402;19377;Undirected
18402;18403;Undirected
18402;62364;Undirected
18402;107645;Undirected
18402;19377;Undirected
18402;74969;Undirected
18402;18403;Undirected
18402;19377;Undirected
18402;19377;Undirected
18402;18403;Undirected
18402;74969;Undirected
18402;148042;Undirected
18402;107645;Undirected
18402;107644;Undirected
18402;107644;Undirected
18402;19377;Undirected
18402;62364;Undirected
18402;107644;Undirected
18402;705784;Undirected
18402;194796;Undirected
18402;62364;Undirected
18402;62364;Undirected
18402;107645;Undirected
18402;148042;Undirected
18402;148042;Undirected
18402;107645;Undirected
18402;107645;Undirected
18402;107645;Undirected
18402;74969;Undirected
18402;19377;Undirected
18402;18403;Undirected
18402;62364;Undirected
18402;129613;Undirected
18402;62364;Undirected
18402;62364;Undirected
18402;62364;Undirected
18402;107645;Undirected
18402;74969;Undirected
18402;129613;Undirected
18402;21852;Undirected
18402;18403;Undirected
18402;107644;Undirected
18402;18403;Undirected
18403;107645;Undirected
18403;19377;Undirected
18403;19377;Undirected
18403;19377;Undirected
18403;19377;Undirected
18403;19377;Undirected
18403;19377;Undirected
18403;107645;Undirected
18403;175949;Undirected
18403;19377;Undirected
18403;19377;Undirected
18403;62364;Undirected
18403;175949;Undirected
18403;19377;Undirected
18403;107645;Undirected
18403;19377;Undirected
18403;19377;Undirected
18403;107645;Undirected
18403;19377;Undirected
18403;19377;Undirected
18403;19377;Undirected
18403;19377;Undirected
18403;19377;Undirected
18403;19377;Undirected
18403;19377;Undirected
18403;74969;Undirected
18403;74969;Undirected
18403;331289;Undirected
18403;19377;Undirected
18403;19377;Undirected
18403;74969;Undirected
18403;19377;Undirected
18403;74969;Undirected
18403;19377;Undirected
18403;19377;Undirected
18403;19377;Undirected
18403;19377;Undirected
18403;19377;Undirected
18403;19377;Undirected
18403;19377;Undirected
18403;19377;Undirected
18403;19377;Undirected
18403;19377;Undirected
18403;74969;Undirected
18403;22472;Undirected
18403;19377;Undirected
18403;19377;Undirected
18403;129613;Undirected
18403;74969;Undirected
18403;19377;Undirected
18403;19377;Undirected
18403;19377;Undirected
18403;19377;Undirected
18403;19377;Undirected
18403;19377;Undirected
18403;331289;Undirected
18403;19377;Undirected
18403;107645;Undirected
18403;74969;Undirected
18403;19377;Undirected
18403;74969;Undirected
18403;19377;Undirected
18403;19377;Undirected
18403;19377;Undirected
18403;62364;Undirected
18403;19377;Undirected
18403;19377;Undirected
18403;19377;Undirected
18403;19377;Undirected
18403;19377;Undirected
19199;222032;Undirected
19199;222032;Undirected
19199;222032;Undirected
19199;25388;Undirected
19199;44922;Undirected
19199;25388;Undirected
19199;24862;Undirected
19199;44922;Undirected
19199;44922;Undirected
19377;74969;Undirected
19377;62364;Undirected
19377;74969;Undirected
19377;74969;Undirected
19377;74969;Undirected
19377;74969;Undirected
19377;74969;Undirected
19377;74969;Undirected
19377;74969;Undirected
19377;74969;Undirected
19377;74969;Undirected
19377;107645;Undirected
19377;74969;Undirected
19377;74969;Undirected
19377;74969;Undirected
19377;74969;Undirected
19377;74969;Undirected
19377;331289;Undirected
19377;74969;Undirected
19377;74969;Undirected
19377;74969;Undirected
19377;107644;Undirected
19377;74969;Undirected
19377;74969;Undirected
19377;74969;Undirected
19377;62364;Undirected
19377;74969;Undirected
19377;74969;Undirected
19377;74969;Undirected
19377;74969;Undirected
19377;22472;Undirected
19377;129613;Undirected
19377;74969;Undirected
19377;74969;Undirected
19377;62364;Undirected
19377;331289;Undirected
19377;107645;Undirected
19377;74969;Undirected
19377;74969;Undirected
19377;62364;Undirected
19377;74969;Undirected
19377;74969;Undirected
19377;74969;Undirected
20349;24401;Undirected
20349;24401;Undirected
20349;343969;Undirected
20349;24401;Undirected
20349;24401;Undirected
20349;30147;Undirected
20349;30010;Undirected
20349;24401;Undirected
20349;24401;Undirected
20349;24401;Undirected
21852;22472;Undirected
21852;22472;Undirected
21852;238238;Undirected
21852;175949;Undirected
22472;64366;Undirected
22472;238238;Undirected
22472;238238;Undirected
24401;30010;Undirected
24862;25388;Undirected
24862;25388;Undirected
24862;25388;Undirected
24862;25388;Undirected
24862;25388;Undirected
24862;24966;Undirected
24862;24966;Undirected
24862;222032;Undirected
24862;44674;Undirected
24862;32327;Undirected
24862;25388;Undirected
24862;25388;Undirected
24862;32327;Undirected
24862;25388;Undirected
24862;25388;Undirected
24862;25388;Undirected
24862;24966;Undirected
24862;25388;Undirected
24862;25388;Undirected
24862;25388;Undirected
24862;25388;Undirected
24862;25388;Undirected
24862;222032;Undirected
24862;25388;Undirected
24862;25388;Undirected
24966;116532;Undirected
24966;116532;Undirected
24966;62364;Undirected
24966;62383;Undirected
24966;116532;Undirected
24966;62383;Undirected
24966;116532;Undirected
24966;62364;Undirected
24966;62364;Undirected
24966;25388;Undirected
24966;62364;Undirected
25388;222032;Undirected
25388;44922;Undirected
25388;182073;Undirected
25388;44922;Undirected
25388;44922;Undirected
25388;209759;Undirected
25388;44674;Undirected
25388;44922;Undirected
25388;51224;Undirected
25388;182073;Undirected
25388;44922;Undirected
25388;246209;Undirected
25388;44674;Undirected
25388;222032;Undirected
25388;473244;Undirected
25388;182073;Undirected
25388;44922;Undirected
25388;222032;Undirected
25388;222032;Undirected
25388;182073;Undirected
25388;44922;Undirected
25388;222032;Undirected
25388;473244;Undirected
25388;182073;Undirected
25388;44922;Undirected
25388;239085;Undirected
26482;182183;Undirected
27071;105389;Undirected
27071;105389;Undirected
27071;248120;Undirected
27071;167467;Undirected
27071;167467;Undirected
27071;167467;Undirected
27071;105389;Undirected
27071;105389;Undirected
27071;167467;Undirected
28131;32327;Undirected
28131;32327;Undirected
28131;32327;Undirected
28131;32327;Undirected
28131;32327;Undirected
28131;32327;Undirected
28131;32327;Undirected
30008;30010;Undirected
30008;30010;Undirected
30008;30010;Undirected
30008;30010;Undirected
30008;30010;Undirected
30008;30010;Undirected
30008;30010;Undirected
30008;30010;Undirected
30008;30010;Undirected
30008;30010;Undirected
30008;30010;Undirected
30008;30010;Undirected
30008;30010;Undirected
30008;30010;Undirected
30008;30010;Undirected
30008;30010;Undirected
30008;30010;Undirected
30008;30010;Undirected
30008;30010;Undirected
30008;30010;Undirected
30008;30010;Undirected
30008;30010;Undirected
30008;30010;Undirected
30008;30010;Undirected
30010;219347;Undirected
30010;219347;Undirected
30010;219347;Undirected
30010;219347;Undirected
30010;219347;Undirected
30010;219347;Undirected
30010;219347;Undirected
30010;219347;Undirected
30010;219347;Undirected
30010;219347;Undirected
30010;219347;Undirected
30010;219347;Undirected
30010;219347;Undirected
30010;219347;Undirected
30010;219347;Undirected
30010;219347;Undirected
30010;219347;Undirected
30010;219347;Undirected
30010;30147;Undirected
30010;219347;Undirected
30010;219347;Undirected
30010;30147;Undirected
30010;30147;Undirected
30010;219347;Undirected
30010;219347;Undirected
30010;219347;Undirected
30147;241459;Undirected
30161;416357;Undirected
30161;416357;Undirected
30161;235527;Undirected
30161;30162;Undirected
30161;416357;Undirected
30161;30162;Undirected
30161;416357;Undirected
30161;416357;Undirected
30161;416357;Undirected
30161;416357;Undirected
30161;30162;Undirected
30161;416357;Undirected
30161;268600;Undirected
30161;268600;Undirected
30161;30162;Undirected
30161;268600;Undirected
30161;268600;Undirected
30161;30162;Undirected
30161;416357;Undirected
30161;416357;Undirected
30161;30162;Undirected
30162;416357;Undirected
30162;268600;Undirected
30162;416357;Undirected
30162;268600;Undirected
30162;416357;Undirected
30162;416357;Undirected
30162;268600;Undirected
30162;268600;Undirected
30162;416357;Undirected
30162;268600;Undirected
30162;268600;Undirected
30162;416357;Undirected
31187;118202;Undirected
32327;44922;Undirected
32327;146629;Undirected
32327;146629;Undirected
32327;146629;Undirected
32327;146629;Undirected
32327;146629;Undirected
32397;120551;Undirected
32397;120551;Undirected
32397;76836;Undirected
32397;120551;Undirected
32397;155168;Undirected
32397;296975;Undirected
36426;203471;Undirected
36426;203471;Undirected
36426;203471;Undirected
36426;203471;Undirected
36426;203471;Undirected
36426;203471;Undirected
36426;203471;Undirected
36426;914820;Undirected
36426;914820;Undirected
36426;914820;Undirected
36426;203471;Undirected
39229;201061;Undirected
39229;201061;Undirected
39229;201061;Undirected
39229;201061;Undirected
39229;201061;Undirected
39598;65555;Undirected
39598;97351;Undirected
39598;65555;Undirected
39598;65555;Undirected
39598;97351;Undirected
39598;97351;Undirected
39598;65555;Undirected
39598;343969;Undirected
39598;571460;Undirected
43389;73950;Undirected
43389;200390;Undirected
43389;73950;Undirected
43389;298483;Undirected
43389;74969;Undirected
43389;74322;Undirected
43389;74326;Undirected
43389;298483;Undirected
43389;298483;Undirected
43389;298483;Undirected
43389;298483;Undirected
43389;74322;Undirected
43389;74326;Undirected
43389;200390;Undirected
43389;298483;Undirected
43389;73950;Undirected
43389;73950;Undirected
43389;298483;Undirected
44673;328140;Undirected
44673;378182;Undirected
44673;328140;Undirected
44673;197350;Undirected
44673;378182;Undirected
44673;328140;Undirected
44673;328140;Undirected
44673;376750;Undirected
44673;328140;Undirected
44673;116532;Undirected
44673;209935;Undirected
44673;197350;Undirected
44673;146428;Undirected
44673;112463;Undirected
44673;62364;Undirected
44674;44922;Undirected
44674;44922;Undirected
44674;44921;Undirected
44674;44922;Undirected
44674;182073;Undirected
44674;44922;Undirected
44674;44921;Undirected
44674;44922;Undirected
44674;44921;Undirected
44674;44922;Undirected
44674;44922;Undirected
44674;44921;Undirected
44674;44921;Undirected
44674;44922;Undirected
44674;44921;Undirected
44674;44922;Undirected
44674;44922;Undirected
44674;44921;Undirected
44674;44922;Undirected
44674;44922;Undirected
44674;44921;Undirected
44674;44922;Undirected
44674;44921;Undirected
44674;44921;Undirected
44674;44922;Undirected
44674;44921;Undirected
44674;44922;Undirected
44674;44921;Undirected
44674;44922;Undirected
44674;44921;Undirected
44674;44922;Undirected
44674;44922;Undirected
44674;44921;Undirected
44674;44922;Undirected
44674;44922;Undirected
44674;44922;Undirected
44674;44922;Undirected
44674;44921;Undirected
44674;44922;Undirected
44674;44922;Undirected
44674;44922;Undirected
44674;44921;Undirected
44674;44922;Undirected
44775;116532;Undirected
44775;116532;Undirected
44775;150762;Undirected
44775;150762;Undirected
44921;44922;Undirected
44921;44922;Undirected
44921;44922;Undirected
44921;44922;Undirected
44921;44922;Undirected
44921;44922;Undirected
44921;44922;Undirected
44921;44922;Undirected
44921;167467;Undirected
44921;44922;Undirected
44921;44922;Undirected
44921;167467;Undirected
44921;619743;Undirected
44921;619743;Undirected
44921;44922;Undirected
44921;76836;Undirected
44921;44922;Undirected
44921;44922;Undirected
44921;167467;Undirected
44921;167467;Undirected
44922;182073;Undirected
44922;77417;Undirected
44922;246209;Undirected
44922;76459;Undirected
44922;77417;Undirected
44922;76459;Undirected
44922;76459;Undirected
44922;77417;Undirected
44922;182073;Undirected
44922;182073;Undirected
44922;182073;Undirected
44922;76459;Undirected
44922;182073;Undirected
44922;76459;Undirected
44922;182073;Undirected
44922;182073;Undirected
44922;76459;Undirected
44922;182073;Undirected
44922;473244;Undirected
44922;473244;Undirected
44922;473244;Undirected
44922;1115456;Undirected
44922;182073;Undirected
44922;76459;Undirected
44922;77417;Undirected
44922;182073;Undirected
44922;182073;Undirected
44922;76459;Undirected
44922;77417;Undirected
44922;76459;Undirected
44922;76459;Undirected
44922;246209;Undirected
44922;77417;Undirected
44922;76459;Undirected
44922;76459;Undirected
44922;244823;Undirected
44922;76459;Undirected
44922;246209;Undirected
44922;244823;Undirected
44922;76459;Undirected
44922;76459;Undirected
44922;182073;Undirected
44922;76459;Undirected
44922;170834;Undirected
44922;76459;Undirected
44922;76459;Undirected
44922;77417;Undirected
44922;76459;Undirected
44922;76459;Undirected
44922;76459;Undirected
44922;244823;Undirected
44922;182073;Undirected
44922;182073;Undirected
44922;182073;Undirected
44922;182073;Undirected
44922;77417;Undirected
44922;76459;Undirected
44922;76459;Undirected
44922;76459;Undirected
44922;77417;Undirected
44922;473244;Undirected
44922;473244;Undirected
44922;182073;Undirected
44922;76459;Undirected
44922;182073;Undirected
44922;76459;Undirected
44922;76459;Undirected
44922;76459;Undirected
44922;77417;Undirected
44922;182073;Undirected
44922;76459;Undirected
44922;243848;Undirected
44922;244823;Undirected
44922;77417;Undirected
44922;925183;Undirected
44922;246209;Undirected
44922;473244;Undirected
44922;145875;Undirected
44922;182073;Undirected
44922;76459;Undirected
44922;182073;Undirected
44922;182073;Undirected
44922;76459;Undirected
44922;76459;Undirected
44922;77417;Undirected
44922;76459;Undirected
44922;76459;Undirected
44922;182073;Undirected
44922;182073;Undirected
44922;182073;Undirected
44922;76459;Undirected
44922;473244;Undirected
44922;246209;Undirected
44922;182073;Undirected
44922;182073;Undirected
44922;76459;Undirected
44922;77417;Undirected
44922;76459;Undirected
44922;239659;Undirected
44922;76459;Undirected
44922;182073;Undirected
44922;76459;Undirected
44922;77417;Undirected
44922;77417;Undirected
44922;76459;Undirected
44922;182073;Undirected
44922;76459;Undirected
44922;77417;Undirected
44922;261222;Undirected
44922;76459;Undirected
44922;243848;Undirected
44922;925183;Undirected
44922;244823;Undirected
44922;77417;Undirected
44922;145875;Undirected
44922;246209;Undirected
44922;182073;Undirected
44922;76459;Undirected
44922;76459;Undirected
44922;77417;Undirected
44922;182073;Undirected
44922;182073;Undirected
44922;261222;Undirected
44922;473244;Undirected
44922;76955;Undirected
44922;74969;Undirected
44922;473244;Undirected
44922;77417;Undirected
44922;76459;Undirected
47189;182073;Undirected
48147;77413;Undirected
48147;197622;Undirected
48147;197622;Undirected
48147;77413;Undirected
48147;239659;Undirected
48147;378429;Undirected
48147;77413;Undirected
48147;77413;Undirected
48147;197622;Undirected
48147;77413;Undirected
48147;77413;Undirected
48147;77413;Undirected
48147;77413;Undirected
48147;77413;Undirected
48147;378429;Undirected
48147;77413;Undirected
48147;77413;Undirected
48147;378429;Undirected
48147;77413;Undirected
48147;77413;Undirected
48147;77413;Undirected
48147;77413;Undirected
48147;378429;Undirected
48147;378429;Undirected
48147;378429;Undirected
48147;378429;Undirected
48147;77413;Undirected
48147;77413;Undirected
48147;77413;Undirected
48147;378429;Undirected
48147;239659;Undirected
48147;378429;Undirected
48147;197622;Undirected
48147;77413;Undirected
48147;77413;Undirected
48147;239659;Undirected
48147;107644;Undirected
48147;77413;Undirected
48147;77413;Undirected
48147;77413;Undirected
48147;378429;Undirected
48147;239659;Undirected
61772;61773;Undirected
61772;513268;Undirected
61772;61773;Undirected
61772;1164194;Undirected
61772;61773;Undirected
61772;61773;Undirected
61772;61773;Undirected
61772;61773;Undirected
61772;61773;Undirected
61772;61773;Undirected
61772;61773;Undirected
61772;233477;Undirected
61772;61773;Undirected
61772;241459;Undirected
61772;61773;Undirected
61772;61773;Undirected
61772;61773;Undirected
61772;61773;Undirected
61772;233477;Undirected
61772;233477;Undirected
61772;233477;Undirected
61772;61773;Undirected
61772;61773;Undirected
61772;61773;Undirected
61772;233477;Undirected
61772;61773;Undirected
61772;61773;Undirected
61772;61773;Undirected
61772;61773;Undirected
61772;102346;Undirected
61772;455609;Undirected
61772;241459;Undirected
61772;61773;Undirected
61772;61774;Undirected
61772;61773;Undirected
61772;61773;Undirected
61772;61773;Undirected
61772;61773;Undirected
61772;61773;Undirected
61772;61773;Undirected
61772;61773;Undirected
61772;61773;Undirected
61772;61773;Undirected
61772;61773;Undirected
61772;61773;Undirected
61772;61774;Undirected
61772;61773;Undirected
61772;62383;Undirected
61772;61773;Undirected
61772;61773;Undirected
61772;102346;Undirected
61773;62364;Undirected
61773;61774;Undirected
61773;102346;Undirected
61773;61774;Undirected
61773;102346;Undirected
61773;102345;Undirected
61773;102060;Undirected
61773;102346;Undirected
61773;62383;Undirected
61773;62364;Undirected
61773;62383;Undirected
61773;61774;Undirected
61773;62383;Undirected
61773;252512;Undirected
61773;102346;Undirected
61773;102346;Undirected
61774;1434988;Undirected
61774;240650;Undirected
61774;240650;Undirected
62364;513268;Undirected
62364;150762;Undirected
62364;150762;Undirected
62364;107645;Undirected
62364;513268;Undirected
62364;513268;Undirected
62364;513268;Undirected
62364;455609;Undirected
62364;241459;Undirected
62364;513268;Undirected
62364;513268;Undirected
62364;454888;Undirected
62364;150762;Undirected
62364;513268;Undirected
62364;240650;Undirected
62364;513268;Undirected
62364;513268;Undirected
62364;513268;Undirected
62364;513268;Undirected
62364;513268;Undirected
62364;150762;Undirected
62364;150762;Undirected
62364;107645;Undirected
62364;513268;Undirected
62364;513268;Undirected
62364;454888;Undirected
62364;240650;Undirected
62364;513268;Undirected
62364;66017;Undirected
62364;513268;Undirected
62364;150762;Undirected
62364;150762;Undirected
62364;150762;Undirected
62364;107645;Undirected
62364;150762;Undirected
62364;513268;Undirected
62364;513268;Undirected
62364;513268;Undirected
62364;240650;Undirected
62364;150762;Undirected
62364;150762;Undirected
62364;454888;Undirected
62364;150762;Undirected
62364;66017;Undirected
62364;513268;Undirected
62364;513268;Undirected
62364;513268;Undirected
62364;150762;Undirected
62364;107645;Undirected
62383;116532;Undirected
62383;116532;Undirected
62383;62675;Undirected
62383;62675;Undirected
62675;343969;Undirected
62675;343969;Undirected
62675;155421;Undirected
62675;343969;Undirected
65555;343969;Undirected
65555;238987;Undirected
65555;343969;Undirected
65555;343969;Undirected
65555;238987;Undirected
65555;343969;Undirected
65555;238987;Undirected
65555;238987;Undirected
65555;619743;Undirected
65555;343969;Undirected
66017;235998;Undirected
66017;250597;Undirected
66017;250597;Undirected
66017;151453;Undirected
66017;235998;Undirected
66017;235998;Undirected
66017;235998;Undirected
66017;235998;Undirected
66017;235998;Undirected
66017;235997;Undirected
66017;235998;Undirected
66017;235998;Undirected
66017;151453;Undirected
66017;235998;Undirected
66017;151453;Undirected
66017;151453;Undirected
66017;250597;Undirected
66017;151453;Undirected
66017;235998;Undirected
66017;151453;Undirected
73950;74934;Undirected
73950;322848;Undirected
73950;200391;Undirected
73950;200391;Undirected
73950;97351;Undirected
73950;200391;Undirected
74322;74934;Undirected
74322;74326;Undirected
74322;74326;Undirected
74322;74326;Undirected
74322;74326;Undirected
74322;74326;Undirected
74322;74326;Undirected
74322;74326;Undirected
74322;74326;Undirected
74322;74326;Undirected
74322;74326;Undirected
74322;74934;Undirected
74322;74326;Undirected
74322;74934;Undirected
74322;203471;Undirected
74322;74326;Undirected
74322;74326;Undirected
74322;74326;Undirected
74322;74326;Undirected
74322;74326;Undirected
74322;74326;Undirected
74322;376692;Undirected
74322;74934;Undirected
74322;74326;Undirected
74322;74326;Undirected
74326;263090;Undirected
74326;74934;Undirected
74326;203471;Undirected
74326;155421;Undirected
74326;74934;Undirected
74326;74934;Undirected
74326;155421;Undirected
74326;74934;Undirected
74326;203471;Undirected
74326;74934;Undirected
74326;155421;Undirected
74326;203471;Undirected
74326;74934;Undirected
74326;74934;Undirected
74326;203471;Undirected
74326;263090;Undirected
74326;74934;Undirected
74326;203471;Undirected
74326;74934;Undirected
74326;155421;Undirected
74326;263090;Undirected
74326;74934;Undirected
74326;263090;Undirected
74934;203471;Undirected
74934;203471;Undirected
74934;203471;Undirected
74934;93928;Undirected
74934;203471;Undirected
74934;203471;Undirected
74934;155421;Undirected
74934;155421;Undirected
74934;203471;Undirected
74934;203471;Undirected
74934;203471;Undirected
74934;93928;Undirected
74960;1434988;Undirected
74960;260635;Undirected
74960;513268;Undirected
74969;112463;Undirected
74969;107645;Undirected
74969;129613;Undirected
74969;107645;Undirected
74969;107645;Undirected
74969;107645;Undirected
74969;107645;Undirected
74969;129613;Undirected
74969;331289;Undirected
74969;129613;Undirected
74969;107645;Undirected
74969;107645;Undirected
74969;107644;Undirected
74969;107645;Undirected
74969;107644;Undirected
74969;107644;Undirected
74969;107645;Undirected
74969;107644;Undirected
74969;112463;Undirected
74969;129613;Undirected
74969;112463;Undirected
74969;129613;Undirected
74969;129613;Undirected
74969;76955;Undirected
74969;107645;Undirected
75465;454183;Undirected
76459;77417;Undirected
76459;77417;Undirected
76459;182073;Undirected
76459;182073;Undirected
76459;182073;Undirected
76459;77417;Undirected
76459;182073;Undirected
76459;77417;Undirected
76459;243848;Undirected
76459;244823;Undirected
76459;246209;Undirected
76459;145875;Undirected
76459;246209;Undirected
76459;246209;Undirected
76459;77417;Undirected
76459;244823;Undirected
76459;244823;Undirected
76459;246209;Undirected
76459;244823;Undirected
76459;182073;Undirected
76459;77417;Undirected
76459;243848;Undirected
76459;77417;Undirected
76459;244823;Undirected
76459;77417;Undirected
76459;77417;Undirected
76459;244823;Undirected
76459;182073;Undirected
76459;182073;Undirected
76459;246209;Undirected
76459;145875;Undirected
76459;246209;Undirected
76459;77417;Undirected
76459;182073;Undirected
76459;243848;Undirected
76459;244823;Undirected
76459;77417;Undirected
76459;925183;Undirected
76459;246209;Undirected
76459;473244;Undirected
76459;145875;Undirected
76459;182073;Undirected
76459;243848;Undirected
76459;182073;Undirected
76459;77413;Undirected
76459;77417;Undirected
76459;77417;Undirected
76459;243848;Undirected
76459;246209;Undirected
76459;182073;Undirected
76459;182073;Undirected
76459;77417;Undirected
76459;77413;Undirected
76459;77417;Undirected
76459;77417;Undirected
76459;77417;Undirected
76459;182073;Undirected
76459;243848;Undirected
76459;925183;Undirected
76459;244823;Undirected
76459;77417;Undirected
76459;145875;Undirected
76459;246209;Undirected
76459;244823;Undirected
76459;77417;Undirected
76459;182073;Undirected
76459;244823;Undirected
76459;77417;Undirected
76480;76836;Undirected
76480;76836;Undirected
76480;170453;Undirected
76480;155168;Undirected
76480;76836;Undirected
76480;76836;Undirected
76480;76836;Undirected
76480;76836;Undirected
76537;76538;Undirected
76537;76538;Undirected
76537;76538;Undirected
76537;76538;Undirected
76537;76538;Undirected
76537;76538;Undirected
76537;76538;Undirected
76537;76538;Undirected
76537;76538;Undirected
76537;76538;Undirected
76537;76538;Undirected
76537;76538;Undirected
76537;76538;Undirected
76537;76538;Undirected
76537;76538;Undirected
76537;76538;Undirected
76537;76538;Undirected
76537;76538;Undirected
76537;76538;Undirected
76537;76538;Undirected
76537;76538;Undirected
76537;76538;Undirected
76537;76538;Undirected
76537;76538;Undirected
76537;76538;Undirected
76537;76538;Undirected
76537;76538;Undirected
76537;76538;Undirected
76537;76538;Undirected
76537;76538;Undirected
76708;485836;Undirected
76836;238987;Undirected
76836;77222;Undirected
76836;335340;Undirected
76836;335340;Undirected
76836;77222;Undirected
76836;335340;Undirected
76836;77222;Undirected
76836;335340;Undirected
76836;335340;Undirected
76836;77222;Undirected
76836;77222;Undirected
76836;335340;Undirected
76836;77222;Undirected
76836;335340;Undirected
76836;77222;Undirected
76836;77222;Undirected
76836;335340;Undirected
76955;102346;Undirected
76955;196480;Undirected
76955;335340;Undirected
76955;243848;Undirected
76955;246209;Undirected
76955;196480;Undirected
76955;335340;Undirected
76955;209090;Undirected
76955;77556;Undirected
76955;77556;Undirected
76955;77658;Undirected
76955;209090;Undirected
76955;76956;Undirected
76955;209090;Undirected
76955;209090;Undirected
76955;217717;Undirected
76955;209090;Undirected
76955;335340;Undirected
76955;196480;Undirected
76955;77556;Undirected
76955;209090;Undirected
76955;76956;Undirected
76955;102345;Undirected
76955;102346;Undirected
76955;335340;Undirected
76955;209090;Undirected
76955;77556;Undirected
76955;209090;Undirected
76955;77556;Undirected
76955;77556;Undirected
76955;209090;Undirected
77222;335340;Undirected
77222;335340;Undirected
77222;335340;Undirected
77222;335340;Undirected
77222;485836;Undirected
77222;77556;Undirected
77222;335340;Undirected
77222;335340;Undirected
77222;335340;Undirected
77222;335340;Undirected
77413;243848;Undirected
77413;244823;Undirected
77413;240077;Undirected
77413;240688;Undirected
77413;244823;Undirected
77413;925183;Undirected
77413;243848;Undirected
77413;240688;Undirected
77413;240688;Undirected
77413;243848;Undirected
77413;77417;Undirected
77413;235504;Undirected
77413;240688;Undirected
77413;77417;Undirected
77417;246209;Undirected
77417;246209;Undirected
77417;182073;Undirected
77417;243848;Undirected
77417;244823;Undirected
77417;246209;Undirected
77417;246209;Undirected
77417;243848;Undirected
77417;246209;Undirected
77417;182073;Undirected
77417;243848;Undirected
77417;244823;Undirected
77417;925183;Undirected
77417;246209;Undirected
77417;473244;Undirected
77417;145875;Undirected
77417;243848;Undirected
77417;246209;Undirected
77417;246209;Undirected
77417;246209;Undirected
77417;243848;Undirected
77417;925183;Undirected
77417;244823;Undirected
77417;145875;Undirected
77417;246209;Undirected
77417;182073;Undirected
77417;246209;Undirected
77417;246209;Undirected
77556;77557;Undirected
77556;77557;Undirected
77556;77557;Undirected
77556;209090;Undirected
77556;77557;Undirected
77556;77557;Undirected
77556;209090;Undirected
77556;77557;Undirected
77556;209090;Undirected
77556;77557;Undirected
77556;77557;Undirected
77556;77557;Undirected
77556;77557;Undirected
77557;209935;Undirected
77557;209935;Undirected
77658;246209;Undirected
77664;245849;Undirected
77664;134453;Undirected
77664;245849;Undirected
77664;134453;Undirected
77664;245849;Undirected
79933;79935;Undirected
79933;79935;Undirected
79933;79935;Undirected
79933;79935;Undirected
79933;79935;Undirected
79933;79935;Undirected
79933;79935;Undirected
79933;79935;Undirected
79933;79935;Undirected
79933;79935;Undirected
79933;79935;Undirected
79933;258262;Undirected
79933;79935;Undirected
79933;79935;Undirected
79933;79935;Undirected
79933;79935;Undirected
79933;79935;Undirected
79933;79935;Undirected
79933;79935;Undirected
79933;79935;Undirected
79933;79935;Undirected
79933;79935;Undirected
79933;79935;Undirected
79933;79935;Undirected
79933;79935;Undirected
79933;79935;Undirected
79933;79935;Undirected
79933;79935;Undirected
79933;79935;Undirected
79933;79935;Undirected
79933;79935;Undirected
79933;79935;Undirected
79933;79935;Undirected
79933;79935;Undirected
79933;79935;Undirected
79933;79935;Undirected
79933;79935;Undirected
79933;79935;Undirected
79933;79935;Undirected
79933;79935;Undirected
79933;79935;Undirected
79933;79935;Undirected
79933;79935;Undirected
79933;79935;Undirected
79933;79935;Undirected
79933;79935;Undirected
79933;79935;Undirected
79933;79935;Undirected
79933;79935;Undirected
79933;79935;Undirected
79933;79935;Undirected
79933;79935;Undirected
79933;79935;Undirected
79933;79935;Undirected
79933;258262;Undirected
79933;258262;Undirected
79933;79935;Undirected
79933;79935;Undirected
79933;79935;Undirected
79933;79935;Undirected
79933;79935;Undirected
79933;79935;Undirected
79933;79935;Undirected
79933;79935;Undirected
79933;79935;Undirected
79933;79935;Undirected
79933;79935;Undirected
79933;79935;Undirected
79933;79935;Undirected
79933;79935;Undirected
79933;79935;Undirected
79933;79935;Undirected
79933;79935;Undirected
79933;79935;Undirected
79933;79935;Undirected
79933;79935;Undirected
79933;79935;Undirected
79933;79935;Undirected
79933;79935;Undirected
79933;79935;Undirected
79933;79935;Undirected
79933;79935;Undirected
79933;79935;Undirected
79933;79935;Undirected
79933;79935;Undirected
79933;79935;Undirected
79933;79935;Undirected
79933;79935;Undirected
79933;79935;Undirected
79933;79935;Undirected
79933;79935;Undirected
79933;79935;Undirected
79933;79935;Undirected
79933;79935;Undirected
79933;79935;Undirected
79933;79935;Undirected
79933;79935;Undirected
79933;79935;Undirected
79933;79935;Undirected
79933;79935;Undirected
79933;79935;Undirected
79933;79935;Undirected
79933;79935;Undirected
79933;79935;Undirected
79933;79935;Undirected
79933;79935;Undirected
79933;258262;Undirected
79933;79935;Undirected
79933;79935;Undirected
79933;79935;Undirected
79933;79935;Undirected
79933;79935;Undirected
79933;79935;Undirected
79933;79935;Undirected
79933;79935;Undirected
79933;79935;Undirected
79933;79935;Undirected
79933;79935;Undirected
79933;79935;Undirected
79933;79935;Undirected
79933;79935;Undirected
79933;79935;Undirected
79933;79935;Undirected
79933;79935;Undirected
79933;79935;Undirected
79933;79935;Undirected
79933;79935;Undirected
79933;79935;Undirected
79933;79935;Undirected
79933;79935;Undirected
79933;79935;Undirected
79933;333341;Undirected
79933;79935;Undirected
79933;79935;Undirected
79933;79935;Undirected
79933;258262;Undirected
79933;79935;Undirected
79933;79935;Undirected
79933;79935;Undirected
79933;79935;Undirected
79933;79935;Undirected
79933;79935;Undirected
79933;79935;Undirected
79933;79935;Undirected
79933;79935;Undirected
79933;79935;Undirected
79933;79935;Undirected
79933;79935;Undirected
79933;79935;Undirected
79933;79935;Undirected
79933;79935;Undirected
79933;79935;Undirected
79933;79935;Undirected
79933;79935;Undirected
79933;79935;Undirected
79933;79935;Undirected
79933;79935;Undirected
79935;258262;Undirected
79935;258262;Undirected
81751;107645;Undirected
81751;113537;Undirected
81751;113537;Undirected
81751;113537;Undirected
81751;1008863;Undirected
81751;1008863;Undirected
81751;113537;Undirected
81751;113537;Undirected
81751;113536;Undirected
81751;107645;Undirected
81751;107645;Undirected
81751;1008863;Undirected
81751;113537;Undirected
81751;113537;Undirected
81751;113537;Undirected
81751;379394;Undirected
81751;113537;Undirected
88335;235998;Undirected
88335;102346;Undirected
88335;196480;Undirected
88335;102345;Undirected
88335;102346;Undirected
88335;196480;Undirected
88335;102346;Undirected
88335;102345;Undirected
88335;102346;Undirected
88335;116532;Undirected
88335;196480;Undirected
88335;102345;Undirected
88335;102346;Undirected
88335;252487;Undirected
88335;252487;Undirected
88335;102345;Undirected
88335;196480;Undirected
88335;102346;Undirected
88335;196480;Undirected
88335;102346;Undirected
88335;196480;Undirected
88335;102346;Undirected
88335;102345;Undirected
88335;102346;Undirected
88335;196480;Undirected
88335;102345;Undirected
88335;102346;Undirected
88335;102345;Undirected
88335;252512;Undirected
88335;102346;Undirected
88335;252487;Undirected
88335;102345;Undirected
88335;102345;Undirected
88335;102346;Undirected
88335;102346;Undirected
88335;196480;Undirected
88335;102346;Undirected
88335;102346;Undirected
88335;102346;Undirected
88335;226410;Undirected
88335;151453;Undirected
88335;235998;Undirected
88335;102346;Undirected
88335;102346;Undirected
88335;196480;Undirected
88335;102345;Undirected
88335;252487;Undirected
88335;102345;Undirected
88335;196480;Undirected
88335;102345;Undirected
88335;102346;Undirected
88335;102345;Undirected
88335;196480;Undirected
97351;297380;Undirected
97351;261222;Undirected
97351;263431;Undirected
97351;297380;Undirected
97351;297380;Undirected
97351;297380;Undirected
97351;170834;Undirected
97351;200391;Undirected
101593;182292;Undirected
102060;196480;Undirected
102060;196480;Undirected
102060;196480;Undirected
102060;196480;Undirected
102060;102346;Undirected
102060;102345;Undirected
102060;102346;Undirected
102060;102345;Undirected
102060;102345;Undirected
102060;102346;Undirected
102060;235998;Undirected
102060;102346;Undirected
102060;196480;Undirected
102060;102345;Undirected
102060;102346;Undirected
102060;196480;Undirected
102345;196480;Undirected
102345;102346;Undirected
102345;252512;Undirected
102345;102346;Undirected
102345;196480;Undirected
102345;196480;Undirected
102345;102346;Undirected
102345;196480;Undirected
102345;102346;Undirected
102345;102346;Undirected
102345;102346;Undirected
102345;102346;Undirected
102345;196480;Undirected
102345;102346;Undirected
102345;196480;Undirected
102345;102346;Undirected
102345;196480;Undirected
102345;102346;Undirected
102345;196480;Undirected
102345;102346;Undirected
102345;102346;Undirected
102345;102346;Undirected
102345;252512;Undirected
102345;102346;Undirected
102345;102346;Undirected
102345;252512;Undirected
102345;102346;Undirected
102345;196480;Undirected
102345;102346;Undirected
102345;102346;Undirected
102345;102346;Undirected
102345;102346;Undirected
102345;102346;Undirected
102345;102346;Undirected
102345;102346;Undirected
102345;196480;Undirected
102345;102346;Undirected
102345;196480;Undirected
102346;240621;Undirected
102346;235998;Undirected
102346;196480;Undirected
102346;196480;Undirected
102346;196480;Undirected
102346;252512;Undirected
102346;196480;Undirected
102346;196480;Undirected
102346;196480;Undirected
102346;196480;Undirected
102346;196480;Undirected
102346;196480;Undirected
102346;196480;Undirected
102346;196480;Undirected
102346;196480;Undirected
102346;196480;Undirected
102346;196480;Undirected
102346;252512;Undirected
102346;252512;Undirected
102346;196480;Undirected
102346;252512;Undirected
102346;196480;Undirected
102346;196480;Undirected
102346;252512;Undirected
102346;343744;Undirected
102346;196480;Undirected
102346;196480;Undirected
102346;252512;Undirected
102346;196480;Undirected
104074;104075;Undirected
104074;104075;Undirected
104074;104075;Undirected
104074;104075;Undirected
104074;104075;Undirected
104074;104075;Undirected
104074;104075;Undirected
104074;104075;Undirected
104074;104075;Undirected
104074;104075;Undirected
104074;104075;Undirected
104074;104075;Undirected
104074;104075;Undirected
104074;104075;Undirected
104074;104075;Undirected
104074;104075;Undirected
104074;104075;Undirected
104074;104075;Undirected
104074;104075;Undirected
104074;104075;Undirected
104074;104075;Undirected
104074;104075;Undirected
104074;104075;Undirected
104074;239085;Undirected
104074;104075;Undirected
104074;104075;Undirected
104074;104075;Undirected
104074;104075;Undirected
104074;104075;Undirected
104074;104075;Undirected
104074;104075;Undirected
104074;104075;Undirected
105389;248936;Undirected
105389;248120;Undirected
105389;287396;Undirected
105389;886781;Undirected
105389;287396;Undirected
105389;886781;Undirected
105389;248120;Undirected
105389;248936;Undirected
105389;248120;Undirected
105389;248936;Undirected
105389;248120;Undirected
105389;248936;Undirected
105389;248936;Undirected
105389;248936;Undirected
105389;287396;Undirected
105389;287396;Undirected
105389;287396;Undirected
105389;248936;Undirected
105389;248936;Undirected
105389;886781;Undirected
105389;248120;Undirected
105389;248936;Undirected
105389;287396;Undirected
107644;107645;Undirected
107644;107645;Undirected
107644;107645;Undirected
107644;873989;Undirected
107644;107645;Undirected
107644;1008863;Undirected
107644;107645;Undirected
107644;107645;Undirected
107644;107645;Undirected
107644;134453;Undirected
107644;107645;Undirected
107644;148042;Undirected
107644;107645;Undirected
107644;1008863;Undirected
107644;107645;Undirected
107644;107645;Undirected
107644;107645;Undirected
107644;107645;Undirected
107644;107645;Undirected
107644;107645;Undirected
107644;148042;Undirected
107644;107645;Undirected
107644;107645;Undirected
107644;150762;Undirected
107644;107645;Undirected
107644;107645;Undirected
107644;107645;Undirected
107644;107645;Undirected
107644;107645;Undirected
107644;107645;Undirected
107644;107645;Undirected
107644;692015;Undirected
107644;107645;Undirected
107644;107645;Undirected
107644;112463;Undirected
107644;107645;Undirected
107644;107645;Undirected
107644;107645;Undirected
107644;107645;Undirected
107644;107645;Undirected
107644;383337;Undirected
107644;107645;Undirected
107644;1008863;Undirected
107644;107645;Undirected
107644;107645;Undirected
107644;107645;Undirected
107644;148042;Undirected
107644;107645;Undirected
107644;134453;Undirected
107644;107645;Undirected
107645;692015;Undirected
107645;873989;Undirected
107645;379394;Undirected
107645;873989;Undirected
107645;148042;Undirected
107645;150762;Undirected
107645;383337;Undirected
107645;383337;Undirected
107645;175949;Undirected
107645;383337;Undirected
107645;245849;Undirected
107645;148042;Undirected
107645;129613;Undirected
107645;113536;Undirected
107645;386565;Undirected
107645;148042;Undirected
107645;148042;Undirected
107645;113536;Undirected
107645;383337;Undirected
107645;148042;Undirected
107645;148042;Undirected
107645;179001;Undirected
107645;150762;Undirected
107645;148042;Undirected
107645;245849;Undirected
107645;245849;Undirected
107645;791442;Undirected
107645;383337;Undirected
107645;383337;Undirected
107645;692015;Undirected
107645;175949;Undirected
107645;148042;Undirected
107645;692015;Undirected
107645;241459;Undirected
107645;148042;Undirected
107645;148042;Undirected
107645;148042;Undirected
107645;148042;Undirected
107645;148042;Undirected
107645;150762;Undirected
107645;148042;Undirected
107645;148042;Undirected
107645;383337;Undirected
107645;692015;Undirected
107645;692015;Undirected
107645;692015;Undirected
107645;399735;Undirected
107645;245849;Undirected
107645;150762;Undirected
107645;791442;Undirected
107645;1008863;Undirected
107645;148042;Undirected
107645;148042;Undirected
107645;148042;Undirected
107645;148042;Undirected
107645;383337;Undirected
107645;383337;Undirected
107645;692015;Undirected
107645;148042;Undirected
107645;245849;Undirected
107645;129613;Undirected
107645;148042;Undirected
107645;150762;Undirected
112463;145828;Undirected
112463;145829;Undirected
112463;145828;Undirected
112463;145829;Undirected
112463;145828;Undirected
112463;145829;Undirected
112463;113537;Undirected
112463;113536;Undirected
112463;113537;Undirected
112463;113536;Undirected
112463;145828;Undirected
112463;145829;Undirected
112463;113537;Undirected
112463;113536;Undirected
112463;145828;Undirected
112463;145829;Undirected
112463;145828;Undirected
112463;145829;Undirected
112463;146428;Undirected
112463;145828;Undirected
112463;145829;Undirected
113536;113537;Undirected
113536;113537;Undirected
113536;113537;Undirected
113536;113537;Undirected
113536;113537;Undirected
113536;113537;Undirected
113536;379394;Undirected
113536;113537;Undirected
113536;113537;Undirected
113536;113537;Undirected
113536;113537;Undirected
113536;113537;Undirected
113536;113537;Undirected
113537;134453;Undirected
113537;1008863;Undirected
113537;1008863;Undirected
113537;1008863;Undirected
113537;1008863;Undirected
113537;379394;Undirected
113537;1008863;Undirected
113537;379394;Undirected
114035;197622;Undirected
114035;197622;Undirected
114035;376750;Undirected
114035;197622;Undirected
114035;246209;Undirected
114035;376750;Undirected
114035;197622;Undirected
114035;145875;Undirected
114035;197787;Undirected
114035;197622;Undirected
114035;197622;Undirected
114035;197622;Undirected
114035;197622;Undirected
114035;197622;Undirected
114035;239659;Undirected
114394;768846;Undirected
114394;768846;Undirected
114394;768846;Undirected
114394;768846;Undirected
114394;151453;Undirected
116424;135877;Undirected
116424;135877;Undirected
116424;198105;Undirected
116424;135877;Undirected
116424;135877;Undirected
116424;135877;Undirected
116424;135877;Undirected
116424;135877;Undirected
116424;135877;Undirected
116424;135877;Undirected
116424;135877;Undirected
116424;135877;Undirected
116424;135877;Undirected
116424;135877;Undirected
116424;135877;Undirected
116424;135877;Undirected
116424;135877;Undirected
116424;135877;Undirected
116424;659386;Undirected
116424;135877;Undirected
116424;135877;Undirected
116424;135877;Undirected
116424;135877;Undirected
116424;135877;Undirected
116424;135877;Undirected
116424;135877;Undirected
116424;135877;Undirected
116424;135877;Undirected
116424;659386;Undirected
116424;135877;Undirected
116424;135877;Undirected
116424;198105;Undirected
120551;258262;Undirected
120551;155168;Undirected
120551;145828;Undirected
120551;145828;Undirected
120551;145828;Undirected
120551;145828;Undirected
120551;145828;Undirected
120551;203082;Undirected
120551;155168;Undirected
120551;155168;Undirected
120551;155168;Undirected
120551;155168;Undirected
120551;194796;Undirected
120551;145828;Undirected
120551;155168;Undirected
120551;297380;Undirected
120551;297380;Undirected
120551;203082;Undirected
120551;155168;Undirected
123867;235415;Undirected
123867;235415;Undirected
123867;235415;Undirected
123867;235415;Undirected
123867;235415;Undirected
123867;235415;Undirected
123867;235415;Undirected
123867;235415;Undirected
123867;235415;Undirected
123867;235415;Undirected
123867;235415;Undirected
123867;235415;Undirected
123867;252487;Undirected
123867;235415;Undirected
131841;246162;Undirected
131841;246162;Undirected
131841;134453;Undirected
131841;134453;Undirected
131841;134453;Undirected
131841;134453;Undirected
131841;134453;Undirected
131841;246162;Undirected
133563;619743;Undirected
133563;145828;Undirected
133563;378182;Undirected
134451;134453;Undirected
134451;134453;Undirected
134451;259918;Undirected
134451;259918;Undirected
134451;134453;Undirected
134451;179001;Undirected
134451;134453;Undirected
134451;1092344;Undirected
134451;134453;Undirected
134451;179001;Undirected
134451;134453;Undirected
134451;259918;Undirected
134451;259918;Undirected
134451;259918;Undirected
134451;259918;Undirected
134451;259920;Undirected
134451;259918;Undirected
134451;259918;Undirected
134451;259918;Undirected
134451;259918;Undirected
134451;259918;Undirected
134451;134453;Undirected
134451;134453;Undirected
134451;179001;Undirected
134451;259918;Undirected
134451;259918;Undirected
134451;134453;Undirected
134453;209759;Undirected
134453;209759;Undirected
134453;209759;Undirected
134453;209759;Undirected
134453;179001;Undirected
134453;209759;Undirected
134453;179001;Undirected
134453;209759;Undirected
134453;209759;Undirected
134453;179001;Undirected
134453;209759;Undirected
134453;209759;Undirected
134453;209759;Undirected
134453;210694;Undirected
134453;209759;Undirected
134453;209759;Undirected
134453;209759;Undirected
134453;210694;Undirected
134453;209759;Undirected
134453;179001;Undirected
134453;179001;Undirected
134453;179001;Undirected
134453;209759;Undirected
134453;209759;Undirected
134453;209759;Undirected
134453;179001;Undirected
134453;209759;Undirected
134453;209759;Undirected
134453;179001;Undirected
134453;209759;Undirected
134453;209759;Undirected
134453;210694;Undirected
134453;179001;Undirected
134453;321163;Undirected
134453;1518451;Undirected
134453;179001;Undirected
134453;179001;Undirected
134453;179001;Undirected
134453;179001;Undirected
134453;209759;Undirected
134453;576164;Undirected
134453;379394;Undirected
134453;209759;Undirected
134453;179001;Undirected
134453;179001;Undirected
134453;179001;Undirected
134453;179001;Undirected
134453;179001;Undirected
134453;179001;Undirected
134453;243348;Undirected
134453;210694;Undirected
134453;209759;Undirected
134453;210694;Undirected
134453;209759;Undirected
134453;179001;Undirected
134453;209759;Undirected
134453;576164;Undirected
134453;210694;Undirected
134453;209759;Undirected
134453;1518451;Undirected
134453;210694;Undirected
134453;179001;Undirected
134453;209759;Undirected
134453;179001;Undirected
134453;576164;Undirected
134453;179001;Undirected
134453;179001;Undirected
134453;179001;Undirected
134453;209759;Undirected
134453;210694;Undirected
134453;378182;Undirected
134453;209759;Undirected
134453;179001;Undirected
134453;209759;Undirected
134453;179001;Undirected
134453;209759;Undirected
134453;179001;Undirected
134453;179001;Undirected
134453;209759;Undirected
134453;209759;Undirected
134453;210085;Undirected
134453;209759;Undirected
134453;210694;Undirected
134453;209759;Undirected
134453;209759;Undirected
134453;210694;Undirected
135877;249089;Undirected
135877;249089;Undirected
135877;249089;Undirected
135877;1285898;Undirected
135877;659386;Undirected
135877;659386;Undirected
135877;249089;Undirected
143699;194562;Undirected
143699;194562;Undirected
143699;194562;Undirected
143699;587930;Undirected
143699;194562;Undirected
143699;194562;Undirected
143699;194562;Undirected
143699;194562;Undirected
143699;194562;Undirected
143699;194796;Undirected
145828;145829;Undirected
145828;145829;Undirected
145828;145875;Undirected
145828;155168;Undirected
145828;145878;Undirected
145828;145877;Undirected
145828;145877;Undirected
145828;145829;Undirected
145828;145829;Undirected
145828;145875;Undirected
145828;145878;Undirected
145828;145877;Undirected
145828;145877;Undirected
145828;145829;Undirected
145828;145875;Undirected
145828;155168;Undirected
145828;145877;Undirected
145828;145829;Undirected
145828;145829;Undirected
145828;145829;Undirected
145828;145877;Undirected
145828;145829;Undirected
145828;180026;Undirected
145828;145829;Undirected
145829;180026;Undirected
145829;179026;Undirected
145829;179026;Undirected
145829;179026;Undirected
145829;179026;Undirected
145829;179026;Undirected
145829;179026;Undirected
145829;179026;Undirected
145829;179026;Undirected
145829;179026;Undirected
145829;180026;Undirected
145829;180026;Undirected
145829;179026;Undirected
145829;179026;Undirected
145829;180026;Undirected
145829;179026;Undirected
145829;180026;Undirected
145829;179026;Undirected
145829;179026;Undirected
145829;179026;Undirected
145829;180026;Undirected
145829;179026;Undirected
145829;179026;Undirected
145829;179026;Undirected
145829;180026;Undirected
145829;179026;Undirected
145829;179026;Undirected
145829;179026;Undirected
145829;179026;Undirected
145829;197996;Undirected
145829;179026;Undirected
145829;179026;Undirected
145829;197996;Undirected
145829;180026;Undirected
145829;180026;Undirected
145829;179026;Undirected
145829;386907;Undirected
145829;179026;Undirected
145829;197996;Undirected
145829;180026;Undirected
145875;246209;Undirected
145875;246209;Undirected
145875;145877;Undirected
145875;246209;Undirected
145875;246209;Undirected
145875;246209;Undirected
145875;246209;Undirected
145875;246209;Undirected
145875;246209;Undirected
145875;246209;Undirected
145875;246209;Undirected
145875;145877;Undirected
145875;246209;Undirected
145875;145877;Undirected
145875;145877;Undirected
145875;146428;Undirected
145875;145877;Undirected
145875;246209;Undirected
145875;145877;Undirected
145875;145878;Undirected
145875;155168;Undirected
145875;145878;Undirected
145875;145877;Undirected
145875;145877;Undirected
145875;146428;Undirected
145875;145877;Undirected
145875;145877;Undirected
145875;145877;Undirected
145875;145877;Undirected
145875;179166;Undirected
145875;146428;Undirected
145875;145877;Undirected
145875;145878;Undirected
145875;145877;Undirected
145875;246209;Undirected
145875;145877;Undirected
145875;145878;Undirected
145875;246209;Undirected
145875;246209;Undirected
145875;145877;Undirected
145875;246209;Undirected
145875;145878;Undirected
145875;145877;Undirected
145875;246209;Undirected
145875;145877;Undirected
145875;246209;Undirected
145875;246209;Undirected
145875;246209;Undirected
145875;246209;Undirected
145875;145877;Undirected
145875;246209;Undirected
145875;376750;Undirected
145875;197622;Undirected
145875;243848;Undirected
145875;244823;Undirected
145875;925183;Undirected
145875;246209;Undirected
145875;473244;Undirected
145875;246209;Undirected
145875;246209;Undirected
145875;246209;Undirected
145875;145877;Undirected
145875;246209;Undirected
145875;246209;Undirected
145875;145877;Undirected
145875;145877;Undirected
145875;145877;Undirected
145875;145877;Undirected
145875;145878;Undirected
145875;155168;Undirected
145875;145877;Undirected
145875;145877;Undirected
145875;155168;Undirected
145875;145877;Undirected
145875;179166;Undirected
145875;146428;Undirected
145875;246209;Undirected
145875;145877;Undirected
145875;146428;Undirected
145875;145877;Undirected
145875;146428;Undirected
145875;145877;Undirected
145875;145877;Undirected
145875;145878;Undirected
145875;145877;Undirected
145875;146428;Undirected
145875;145877;Undirected
145875;145878;Undirected
145875;145877;Undirected
145875;179166;Undirected
145875;146428;Undirected
145875;145877;Undirected
145875;179166;Undirected
145875;683206;Undirected
145875;145877;Undirected
145875;146428;Undirected
145875;243848;Undirected
145875;925183;Undirected
145875;244823;Undirected
145875;246209;Undirected
145875;246209;Undirected
145875;246209;Undirected
145875;246209;Undirected
145875;145877;Undirected
145877;246209;Undirected
145877;246209;Undirected
145877;146428;Undirected
145877;146428;Undirected
145877;179166;Undirected
145877;145878;Undirected
145877;145878;Undirected
145877;155168;Undirected
145877;145878;Undirected
145877;146428;Undirected
145877;145878;Undirected
145877;145878;Undirected
145877;179166;Undirected
145877;146428;Undirected
145877;145878;Undirected
145877;145878;Undirected
145877;145878;Undirected
145877;145878;Undirected
145877;145878;Undirected
145877;145878;Undirected
145877;145878;Undirected
145877;246209;Undirected
145877;179166;Undirected
145877;146428;Undirected
145877;209935;Undirected
145877;197787;Undirected
145877;145878;Undirected
145877;145878;Undirected
145877;145878;Undirected
145877;145878;Undirected
145877;155168;Undirected
145877;155168;Undirected
145877;179166;Undirected
145877;146428;Undirected
145877;145878;Undirected
145877;145878;Undirected
145877;146428;Undirected
145877;146428;Undirected
145877;209935;Undirected
145877;197787;Undirected
145877;146428;Undirected
145877;145878;Undirected
145877;146428;Undirected
145877;145878;Undirected
145877;145878;Undirected
145877;179166;Undirected
145877;146428;Undirected
145877;179166;Undirected
145877;683206;Undirected
145877;146428;Undirected
145878;155168;Undirected
146428;179166;Undirected
146428;179166;Undirected
146428;179166;Undirected
146428;179166;Undirected
146428;179166;Undirected
146428;179166;Undirected
146428;179166;Undirected
146428;179166;Undirected
146428;209935;Undirected
146428;197787;Undirected
146428;179166;Undirected
146428;179166;Undirected
146428;179166;Undirected
146428;179166;Undirected
146428;179166;Undirected
146428;209935;Undirected
146428;197787;Undirected
146428;179166;Undirected
146428;197787;Undirected
146428;376750;Undirected
146428;179166;Undirected
146428;683206;Undirected
146629;210179;Undirected
146629;210179;Undirected
146629;210179;Undirected
146629;603356;Undirected
146629;210179;Undirected
148042;386565;Undirected
149391;175949;Undirected
149391;250597;Undirected
149391;175949;Undirected
149391;175949;Undirected
149391;175949;Undirected
149391;472125;Undirected
149391;175949;Undirected
150762;241459;Undirected
150762;241459;Undirected
150762;241459;Undirected
150762;241459;Undirected
150762;241459;Undirected
150762;241459;Undirected
150762;241459;Undirected
150762;241459;Undirected
150762;241459;Undirected
150762;241459;Undirected
150762;241459;Undirected
150762;241459;Undirected
151453;456630;Undirected
151453;226410;Undirected
151453;226410;Undirected
151453;226410;Undirected
151453;226410;Undirected
151453;226410;Undirected
151453;235998;Undirected
155168;155180;Undirected
155168;200390;Undirected
155168;200391;Undirected
155168;200467;Undirected
155168;155180;Undirected
155168;200390;Undirected
155168;200391;Undirected
155168;155180;Undirected
155168;200390;Undirected
155168;200391;Undirected
155168;200390;Undirected
155168;200391;Undirected
155168;200468;Undirected
155168;200468;Undirected
155168;200390;Undirected
155168;200391;Undirected
155168;200468;Undirected
155168;200391;Undirected
155168;200391;Undirected
155168;200390;Undirected
155168;200391;Undirected
155168;299308;Undirected
155168;155180;Undirected
155168;200468;Undirected
155168;200468;Undirected
155168;200468;Undirected
155168;203471;Undirected
155168;200390;Undirected
155168;200391;Undirected
155168;200468;Undirected
155168;200468;Undirected
155168;200468;Undirected
155168;200468;Undirected
155168;200390;Undirected
155168;200391;Undirected
155168;200390;Undirected
155168;200391;Undirected
155168;200391;Undirected
155168;263090;Undirected
155168;203082;Undirected
155168;299308;Undirected
155168;155180;Undirected
155168;200468;Undirected
155168;200468;Undirected
155168;200468;Undirected
155168;155534;Undirected
155168;200390;Undirected
155168;200391;Undirected
155168;200390;Undirected
155168;200391;Undirected
155168;203471;Undirected
155168;268127;Undirected
155168;200468;Undirected
155168;200390;Undirected
155168;200391;Undirected
155168;298483;Undirected
155168;206881;Undirected
155168;200468;Undirected
155168;200468;Undirected
155168;200468;Undirected
155168;299308;Undirected
155168;155180;Undirected
155168;200468;Undirected
155168;200468;Undirected
155168;200468;Undirected
155168;438233;Undirected
155168;200390;Undirected
155168;200468;Undirected
155168;200390;Undirected
155168;200391;Undirected
155168;200390;Undirected
155168;200391;Undirected
155168;200390;Undirected
155168;200391;Undirected
155180;200390;Undirected
155180;200391;Undirected
155180;200467;Undirected
155180;200390;Undirected
155180;200391;Undirected
155180;200390;Undirected
155180;200390;Undirected
155180;200390;Undirected
155180;200391;Undirected
155180;200390;Undirected
155180;299245;Undirected
155180;200467;Undirected
155180;200390;Undirected
155180;200390;Undirected
155180;200468;Undirected
155180;299308;Undirected
155180;200390;Undirected
155180;200467;Undirected
155180;200468;Undirected
155180;200467;Undirected
155180;200390;Undirected
155180;200467;Undirected
155180;299308;Undirected
155180;200390;Undirected
155180;200390;Undirected
155180;299245;Undirected
155180;200467;Undirected
155180;200390;Undirected
155180;200467;Undirected
155180;200468;Undirected
155180;200467;Undirected
155180;299308;Undirected
155180;200390;Undirected
155180;200390;Undirected
155180;200390;Undirected
155533;298483;Undirected
155533;200390;Undirected
155533;298483;Undirected
155533;200468;Undirected
155533;155534;Undirected
155533;298483;Undirected
155533;263090;Undirected
155533;263090;Undirected
155533;200390;Undirected
155533;298483;Undirected
155533;155534;Undirected
155533;298483;Undirected
155533;298483;Undirected
155533;200468;Undirected
155533;298483;Undirected
155533;200468;Undirected
155533;263090;Undirected
155533;155534;Undirected
155533;298483;Undirected
155533;155534;Undirected
155533;155534;Undirected
155533;200468;Undirected
155533;298483;Undirected
155533;298483;Undirected
155534;298483;Undirected
155534;298483;Undirected
155534;298483;Undirected
155534;738891;Undirected
155534;263090;Undirected
155534;298483;Undirected
155534;298483;Undirected
156025;235527;Undirected
167467;619743;Undirected
167467;197350;Undirected
167467;485836;Undirected
167467;197350;Undirected
167467;197787;Undirected
170453;399735;Undirected
170453;399735;Undirected
170453;399735;Undirected
170453;399735;Undirected
170453;399735;Undirected
170834;296975;Undirected
170834;296975;Undirected
170834;296975;Undirected
170834;297380;Undirected
170834;296975;Undirected
170834;296975;Undirected
170834;296975;Undirected
170834;296975;Undirected
170834;296975;Undirected
170834;296975;Undirected
170834;296975;Undirected
170834;296975;Undirected
170834;296975;Undirected
170834;296975;Undirected
170834;296975;Undirected
170834;297380;Undirected
170834;296975;Undirected
170834;297380;Undirected
170834;296975;Undirected
170834;296975;Undirected
170834;296975;Undirected
170834;296975;Undirected
170834;296975;Undirected
170834;296975;Undirected
170834;296975;Undirected
170834;297380;Undirected
170834;296975;Undirected
170834;296975;Undirected
170834;297380;Undirected
170834;296975;Undirected
170834;296975;Undirected
170834;296975;Undirected
170834;296975;Undirected
170834;297380;Undirected
170834;296975;Undirected
170834;297380;Undirected
170834;296975;Undirected
170834;296975;Undirected
175901;245782;Undirected
175901;245782;Undirected
175949;705787;Undirected
175949;873989;Undirected
179001;197787;Undirected
179001;197787;Undirected
179001;245849;Undirected
179001;321163;Undirected
179001;1518451;Undirected
179001;321163;Undirected
179001;727152;Undirected
179001;321163;Undirected
179001;245849;Undirected
179001;321163;Undirected
179001;321163;Undirected
179001;321163;Undirected
179001;307150;Undirected
179001;727152;Undirected
179026;426531;Undirected
179026;180026;Undirected
179026;180026;Undirected
179026;426531;Undirected
179026;426531;Undirected
179026;426531;Undirected
179026;197996;Undirected
179026;426531;Undirected
179026;197996;Undirected
179026;180026;Undirected
179026;426531;Undirected
179026;197996;Undirected
179026;180026;Undirected
179166;209935;Undirected
179166;197787;Undirected
179166;683206;Undirected
180026;197996;Undirected
180026;197996;Undirected
182183;674054;Undirected
194562;587930;Undirected
194796;258262;Undirected
196480;335340;Undirected
196480;335340;Undirected
197350;376750;Undirected
197622;246209;Undirected
197622;376750;Undirected
197622;378429;Undirected
197622;239659;Undirected
197787;379835;Undirected
197787;379835;Undirected
197787;379835;Undirected
197787;376750;Undirected
197787;376750;Undirected
197787;376750;Undirected
197787;379835;Undirected
197787;376750;Undirected
197787;376750;Undirected
197787;376750;Undirected
197787;376750;Undirected
197787;376750;Undirected
197787;376750;Undirected
197787;376750;Undirected
197787;376750;Undirected
197787;379835;Undirected
197787;376750;Undirected
197787;376750;Undirected
197787;376750;Undirected
197787;376750;Undirected
197787;379835;Undirected
197787;376750;Undirected
197787;198105;Undirected
197787;379835;Undirected
197787;379835;Undirected
197787;379835;Undirected
197787;379835;Undirected
197787;379835;Undirected
197787;376750;Undirected
197787;376750;Undirected
197787;376750;Undirected
197787;379835;Undirected
197787;376750;Undirected
197787;209935;Undirected
197787;376750;Undirected
197787;376750;Undirected
197787;376750;Undirected
197787;198105;Undirected
197787;209935;Undirected
197787;376750;Undirected
197787;376750;Undirected
198019;727152;Undirected
198019;727152;Undirected
198019;673976;Undirected
198019;727152;Undirected
198019;727152;Undirected
198019;727152;Undirected
198019;727152;Undirected
198019;673976;Undirected
198019;727152;Undirected
198019;673976;Undirected
198105;252487;Undirected
198105;252487;Undirected
198105;233373;Undirected
200162;479316;Undirected
200390;200391;Undirected
200390;200467;Undirected
200390;200391;Undirected
200390;200391;Undirected
200390;298483;Undirected
200390;200391;Undirected
200390;299245;Undirected
200390;200467;Undirected
200390;200391;Undirected
200390;200391;Undirected
200390;263090;Undirected
200390;298483;Undirected
200390;200467;Undirected
200390;200391;Undirected
200390;200467;Undirected
200390;200467;Undirected
200390;200467;Undirected
200390;200391;Undirected
200390;200391;Undirected
200390;299245;Undirected
200390;200467;Undirected
200390;200467;Undirected
200390;200391;Undirected
200390;200391;Undirected
200390;200391;Undirected
200390;200391;Undirected
200390;298483;Undirected
200390;299308;Undirected
200390;200467;Undirected
200390;438233;Undirected
200390;200391;Undirected
200390;200391;Undirected
200390;200391;Undirected
200391;200467;Undirected
200391;298483;Undirected
200467;200468;Undirected
200467;299245;Undirected
200467;200468;Undirected
200467;200468;Undirected
200467;200468;Undirected
200467;299245;Undirected
200467;200468;Undirected
200467;299245;Undirected
200467;200468;Undirected
200467;263090;Undirected
200468;299245;Undirected
200468;299245;Undirected
200468;299245;Undirected
200468;298483;Undirected
200468;299245;Undirected
200468;298483;Undirected
200468;299245;Undirected
201061;307150;Undirected
201168;203082;Undirected
201168;203082;Undirected
201168;203082;Undirected
201168;203082;Undirected
201168;203082;Undirected
201168;203082;Undirected
203082;206881;Undirected
203082;206881;Undirected
203082;206881;Undirected
203082;206881;Undirected
203082;206881;Undirected
203082;206881;Undirected
203082;206881;Undirected
203082;206749;Undirected
203082;206881;Undirected
203082;206749;Undirected
203082;206881;Undirected
203082;206881;Undirected
203082;206881;Undirected
203082;259920;Undirected
203082;259918;Undirected
203082;259920;Undirected
203082;206881;Undirected
203082;243348;Undirected
203082;261222;Undirected
203082;263090;Undirected
203082;259920;Undirected
203082;206881;Undirected
203082;206881;Undirected
203082;259920;Undirected
203082;206881;Undirected
203082;206881;Undirected
203082;206749;Undirected
203082;206881;Undirected
203082;206881;Undirected
203082;206881;Undirected
203082;259920;Undirected
203082;206881;Undirected
203082;243348;Undirected
203082;261222;Undirected
203082;206749;Undirected
203082;206881;Undirected
203082;261222;Undirected
203082;260635;Undirected
203082;206749;Undirected
203082;206881;Undirected
206749;206881;Undirected
206881;212814;Undirected
206881;333341;Undirected
209090;217717;Undirected
209090;217717;Undirected
209090;217717;Undirected
209759;210694;Undirected
209759;210694;Undirected
209759;210694;Undirected
209759;210694;Undirected
209935;363300;Undirected
209935;673976;Undirected
209935;673976;Undirected
209935;363300;Undirected
209935;673976;Undirected
209935;363300;Undirected
209935;363300;Undirected
209935;363300;Undirected
209935;673976;Undirected
209935;363300;Undirected
209935;673976;Undirected
210085;873989;Undirected
210085;1092374;Undirected
210179;272107;Undirected
210179;272107;Undirected
210179;272107;Undirected
210179;272107;Undirected
210179;272107;Undirected
210179;272107;Undirected
210179;272107;Undirected
210179;272107;Undirected
210179;272107;Undirected
210179;272107;Undirected
210179;272107;Undirected
210179;272107;Undirected
212539;675942;Undirected
217717;260635;Undirected
222032;260142;Undirected
233372;233373;Undirected
233372;233373;Undirected
233372;233373;Undirected
233372;233373;Undirected
233372;233373;Undirected
233372;233373;Undirected
233372;233373;Undirected
233372;233373;Undirected
233372;233373;Undirected
233372;233373;Undirected
233372;233373;Undirected
233372;233373;Undirected
233372;233373;Undirected
233372;233373;Undirected
233372;233373;Undirected
233372;233373;Undirected
233372;233373;Undirected
233372;233373;Undirected
233372;233373;Undirected
233372;233373;Undirected
233372;233373;Undirected
233372;233373;Undirected
233372;233373;Undirected
233372;233373;Undirected
233372;233373;Undirected
233372;233373;Undirected
233372;233373;Undirected
233372;233373;Undirected
233372;233373;Undirected
233372;233373;Undirected
233372;233373;Undirected
233372;233373;Undirected
233372;233373;Undirected
233372;233373;Undirected
233372;233373;Undirected
233372;233373;Undirected
233372;233373;Undirected
233372;233373;Undirected
233372;233373;Undirected
233372;233373;Undirected
233372;233373;Undirected
233372;233373;Undirected
233372;233373;Undirected
233372;233373;Undirected
233372;233373;Undirected
233372;233373;Undirected
233372;233373;Undirected
233372;233373;Undirected
233477;553830;Undirected
233477;553830;Undirected
233477;553830;Undirected
233477;553830;Undirected
233477;553830;Undirected
233477;553830;Undirected
233477;553830;Undirected
233477;1164194;Undirected
233477;553830;Undirected
233477;553830;Undirected
233477;728579;Undirected
235415;240692;Undirected
235415;240692;Undirected
235415;240692;Undirected
235415;240692;Undirected
235415;240692;Undirected
235415;240692;Undirected
235415;240692;Undirected
235415;240692;Undirected
235415;240692;Undirected
235415;240692;Undirected
235415;240692;Undirected
235415;240692;Undirected
235415;240692;Undirected
235415;240692;Undirected
235415;240692;Undirected
235997;235998;Undirected
235997;235998;Undirected
235997;235998;Undirected
235997;239630;Undirected
235997;235998;Undirected
235997;235998;Undirected
235997;235998;Undirected
235997;235998;Undirected
235997;235998;Undirected
235997;235998;Undirected
235997;235998;Undirected
235997;235998;Undirected
235997;235998;Undirected
235997;235998;Undirected
235997;235998;Undirected
235997;240621;Undirected
235997;235998;Undirected
235997;235998;Undirected
235997;235998;Undirected
235997;240621;Undirected
235997;235998;Undirected
235997;235998;Undirected
235998;239630;Undirected
235998;239630;Undirected
235998;240621;Undirected
235998;239630;Undirected
235998;240621;Undirected
235998;240621;Undirected
235998;240621;Undirected
235998;240621;Undirected
235998;240621;Undirected
235998;239630;Undirected
235998;239630;Undirected
235998;240621;Undirected
235998;240621;Undirected
235998;240621;Undirected
235998;240621;Undirected
235998;240621;Undirected
235998;240621;Undirected
235998;239630;Undirected
235998;239630;Undirected
235998;240621;Undirected
235998;239630;Undirected
235998;239630;Undirected
235998;239630;Undirected
235998;239630;Undirected
235998;240621;Undirected
235998;239630;Undirected
235998;239630;Undirected
235998;240621;Undirected
235998;239630;Undirected
235998;239630;Undirected
235998;239630;Undirected
235998;239630;Undirected
235998;240621;Undirected
235998;239630;Undirected
235998;239630;Undirected
235998;239630;Undirected
235998;239630;Undirected
235998;239630;Undirected
235998;240621;Undirected
235998;239630;Undirected
235998;240621;Undirected
235998;240621;Undirected
235998;240621;Undirected
235998;239630;Undirected
235998;240621;Undirected
235998;240621;Undirected
235998;240621;Undirected
235998;240621;Undirected
235998;240621;Undirected
235998;240621;Undirected
235998;240621;Undirected
235998;239630;Undirected
235998;239630;Undirected
235998;239630;Undirected
235998;240621;Undirected
238238;728523;Undirected
238987;316041;Undirected
238987;649946;Undirected
238987;316041;Undirected
239630;240621;Undirected
239630;240621;Undirected
239630;240621;Undirected
239630;240621;Undirected
239659;378429;Undirected
240650;513268;Undirected
241459;455609;Undirected
241459;513268;Undirected
241459;513268;Undirected
241459;455609;Undirected
241459;455609;Undirected
241459;455609;Undirected
241459;455609;Undirected
241459;455609;Undirected
241459;455609;Undirected
241459;455609;Undirected
241459;455609;Undirected
241459;455609;Undirected
241459;455609;Undirected
241459;379394;Undirected
241459;455609;Undirected
241459;513268;Undirected
241459;455609;Undirected
241459;455609;Undirected
241459;379394;Undirected
241459;455609;Undirected
241459;455609;Undirected
241459;455609;Undirected
241459;455609;Undirected
241459;455609;Undirected
243348;261222;Undirected
243348;261222;Undirected
243348;261222;Undirected
243348;261222;Undirected
243348;261222;Undirected
243348;261222;Undirected
243348;261222;Undirected
243348;263431;Undirected
243348;261222;Undirected
243348;263431;Undirected
243348;261222;Undirected
243348;261222;Undirected
243348;261222;Undirected
243348;261222;Undirected
243348;261222;Undirected
243848;925183;Undirected
243848;244823;Undirected
243848;244823;Undirected
243848;925183;Undirected
243848;244823;Undirected
243848;244823;Undirected
243848;244823;Undirected
243848;244823;Undirected
243848;244823;Undirected
243848;246209;Undirected
243848;244823;Undirected
243848;244823;Undirected
243848;244823;Undirected
243848;244823;Undirected
243848;925183;Undirected
243848;244823;Undirected
243848;925183;Undirected
243848;246209;Undirected
243848;473244;Undirected
243848;244823;Undirected
243848;925183;Undirected
243848;244823;Undirected
243848;246209;Undirected
243848;246209;Undirected
243848;925183;Undirected
243848;244823;Undirected
243848;246209;Undirected
243848;244823;Undirected
244655;1052795;Undirected
244823;1052795;Undirected
244823;246209;Undirected
244823;1052795;Undirected
244823;925183;Undirected
244823;246209;Undirected
244823;473244;Undirected
244823;925183;Undirected
244823;246209;Undirected
244823;925183;Undirected
245782;705787;Undirected
245849;1115456;Undirected
246209;473244;Undirected
246209;473244;Undirected
246209;376750;Undirected
246209;925183;Undirected
246209;473244;Undirected
246209;473244;Undirected
246209;473244;Undirected
246209;473244;Undirected
246209;473244;Undirected
246209;925183;Undirected
248120;287396;Undirected
249089;869399;Undirected
252487;728579;Undirected
252512;343969;Undirected
252512;343744;Undirected
252512;343744;Undirected
252512;343969;Undirected
252512;343744;Undirected
252512;343969;Undirected
252512;343744;Undirected
259918;259920;Undirected
259918;259920;Undirected
259918;259920;Undirected
259918;259920;Undirected
259918;259920;Undirected
259918;259920;Undirected
259918;260635;Undirected
259918;259920;Undirected
259918;259920;Undirected
259918;259920;Undirected
259918;259920;Undirected
259918;259920;Undirected
259918;259920;Undirected
259918;259920;Undirected
259918;259920;Undirected
259918;259920;Undirected
259918;259920;Undirected
259918;259920;Undirected
259920;261222;Undirected
259920;263431;Undirected
259920;263431;Undirected
259920;260635;Undirected
259920;263431;Undirected
259920;261222;Undirected
260142;322848;Undirected
260142;738826;Undirected
260635;261222;Undirected
261222;263431;Undirected
261222;263431;Undirected
261222;263431;Undirected
261222;263431;Undirected
261222;263431;Undirected
261222;263431;Undirected
261222;263431;Undirected
261222;263431;Undirected
261222;263431;Undirected
261222;263431;Undirected
261222;263431;Undirected
261222;263431;Undirected
261222;263431;Undirected
261222;263431;Undirected
268127;577554;Undirected
268127;577554;Undirected
268600;416357;Undirected
268600;416357;Undirected
268600;416357;Undirected
268600;416357;Undirected
268600;416357;Undirected
268600;416357;Undirected
268600;416357;Undirected
268600;416357;Undirected
268600;416357;Undirected
268600;416357;Undirected
268600;416357;Undirected
268600;416357;Undirected
287396;886537;Undirected
293601;571460;Undirected
293601;571460;Undirected
293601;571460;Undirected
293601;571460;Undirected
293601;297380;Undirected
293601;571460;Undirected
293601;571460;Undirected
293601;571460;Undirected
293601;571460;Undirected
293601;571460;Undirected
296975;297380;Undirected
296975;297380;Undirected
296975;297380;Undirected
296975;297380;Undirected
296975;297380;Undirected
296975;297380;Undirected
296975;297380;Undirected
297380;571460;Undirected
297380;571460;Undirected
321163;1518451;Undirected
335340;485836;Undirected
343744;343969;Undirected
343744;343969;Undirected
343744;343969;Undirected
376692;843528;Undirected
376750;869399;Undirected
376750;869400;Undirected
376750;869399;Undirected
376750;869399;Undirected
376750;379835;Undirected
376750;869400;Undirected
376750;869399;Undirected
376750;869399;Undirected
376750;379835;Undirected
376750;869399;Undirected
376750;869399;Undirected
376750;869400;Undirected
376750;869399;Undirected
376750;869400;Undirected
378182;1092344;Undirected
378182;1092344;Undirected
378182;1092344;Undirected
379394;692015;Undirected
379394;576164;Undirected
383223;727287;Undirected
383223;727287;Undirected
383223;727287;Undirected
454183;619743;Undirected
455609;513268;Undirected
455609;513268;Undirected
455609;513268;Undirected
473244;1115456;Undirected
473244;925183;Undirected
485836;1052618;Undirected
485836;1052618;Undirected
513268;738826;Undirected
513268;1471167;Undirected
513268;1471167;Undirected
673976;727152;Undirected
673976;727152;Undirected
673976;727152;Undirected
675942;750248;Undirected
675942;750248;Undirected
675942;750248;Undirected
675942;750248;Undirected
728579;1488179;Undirected
791442;1663950;Undirected
849175;1417991;Undirected
869399;869400;Undirected
869399;869400;Undirected
925183;974415;Undirected
925183;974415;Undirected
1434971;1662664;Undirected
1434971;1662664;Undirected
